review_id,persona_id,uuid,source_row_index,site_id,source_dataset,source_revision,source_locator_url,source_profile_pointer,question_code,question_text,question_source_line,question_source_markdown,response_format_source_markdown,item_guidance_source_markdown,part_guidance_source_markdown,status,confirmed_answer,source_age,source_age_is_response_day_age,hypothetical_test_age,virtual_utterance_is_actual_quote,source_information_gap,wording_issue_candidate,respondent_total_cost_access,original_evidence,scenario_evidence,finding_ref,interpretation,reason,information_needed,wording_assessment,virtual_utterance
P1-A-3,P1,3d65081846cb46d5b26d75887ce6ead2,1187,S1,https://huggingface.co/datasets/nvidia/Nemotron-Personas-Korea,ada0f5b53a38bb5a30cce09358adde883c1ab63a,https://datasets-server.huggingface.co/rows?dataset=nvidia%2FNemotron-Personas-Korea&config=default&split=train&offset=1187&length=1,03.plan/261003_1227_Nemotron_설문문항점검/personas.json#/personas/0,A-3,응답일 현재 귀하의 만 나이는?,95,**A-3)** 응답일 현재 귀하의 만 나이는?,&emsp;&emsp;만 (&emsp;&emsp;&emsp;)세,,"※ 다음은 응답자의 일반적 사항에 관한 질문입니다. A-3·A-4는 빈칸에 숫자를 적고, 나머지 문항은 해당하는 곳에 ✔ 표시하여 주십시오.",insufficient_information,null,45,null,null,false,true,false,not_applicable,"{""occupation"":""토목 관련 관리자"",""professional_persona_excerpt"":""베테랑 토목 관리자""}","{""role"":""현장 관리감독자(토목 공정·안전 점검)"",""budget_knowledge_scope"":""현장 안전관리 예산 편성·집행을 직접 관리하고 관련 문서를 볼 수 있음""}",N1,응답하는 날을 기준으로 만 나이를 세 단위로 적는 문항이다.,원본 age=45의 계산 방식·기준일이 없다. 직무나 수집일로 이를 보완할 수 없다.,응답일 현재 만 나이의 확인; 또는 계산 근거가 있는 생년월일·기준일,기준일·방식·단위 명시. 문구 결함과 구분되는 원본 정보 부족.,응답하는 날을 기준으로 만 나이를 세 단위로 적는 문항이다.
P1-A-4,P1,3d65081846cb46d5b26d75887ce6ead2,1187,S1,https://huggingface.co/datasets/nvidia/Nemotron-Personas-Korea,ada0f5b53a38bb5a30cce09358adde883c1ab63a,https://datasets-server.huggingface.co/rows?dataset=nvidia%2FNemotron-Personas-Korea&config=default&split=train&offset=1187&length=1,03.plan/261003_1227_Nemotron_설문문항점검/personas.json#/personas/0,A-4,귀하의 건설현장 근무 경력은? (응답일까지 안전관리·공사감독·시공관리 등 현장 업무에 종사한 전체 기간),98,**A-4)** 귀하의 건설현장 근무 경력은? (응답일까지 안전관리·공사감독·시공관리 등 현장 업무에 종사한 전체 기간),&emsp;&emsp;(&emsp;&emsp;&emsp;)년 (&emsp;&emsp;&emsp;)개월,※ 여러 현장이나 업무의 근무 기간이 겹치면 같은 기간을 중복하여 합산하지 마십시오. 개월은 연수를 제외한 나머지 개월(0∼11)로 적어 주십시오.,"※ 다음은 응답자의 일반적 사항에 관한 질문입니다. A-3·A-4는 빈칸에 숫자를 적고, 나머지 문항은 해당하는 곳에 ✔ 표시하여 주십시오.",insufficient_information,null,45,null,null,false,true,false,not_applicable,"{""occupation"":""토목 관련 관리자"",""professional_persona_excerpt"":""베테랑 토목 관리자""}","{""role"":""현장 관리감독자(토목 공정·안전 점검)"",""budget_knowledge_scope"":""현장 안전관리 예산 편성·집행을 직접 관리하고 관련 문서를 볼 수 있음""}",N2,"공정 관리와 안전 점검 등 현장 업무 기간을 합치고, 동시에 맡은 기간은 한 번만 센다.",원본의 베테랑 표현은 정확한 근무 연월을 제공하지 않는다.,"현장 업무별 시작·종료 연월, 휴지·겹침 기간, 응답일",전체 기간·중복 제외·개월 0∼11 명시. 정확한 이력 미제공.,"공정 관리와 안전 점검 등 현장 업무 기간을 합치고, 동시에 맡은 기간은 한 번만 센다."
P1-A-6,P1,3d65081846cb46d5b26d75887ce6ead2,1187,S1,https://huggingface.co/datasets/nvidia/Nemotron-Personas-Korea,ada0f5b53a38bb5a30cce09358adde883c1ab63a,https://datasets-server.huggingface.co/rows?dataset=nvidia%2FNemotron-Personas-Korea&config=default&split=train&offset=1187&length=1,03.plan/261003_1227_Nemotron_설문문항점검/personas.json#/personas/0,A-6,현재 담당 현장의 총공사비 구간은?,105,**A-6)** 현재 담당 현장의 총공사비 구간은?,"&emsp;&emsp;① 20억 원 미만 &emsp;&emsp;② 20억 원 이상∼50억 원 미만 &emsp;&emsp;③ 50억 원 이상∼120억 원 미만
&emsp;&emsp;④ 120억 원 이상∼150억 원 미만 &emsp;&emsp;⑤ 150억 원 이상",,"※ 다음은 응답자의 일반적 사항에 관한 질문입니다. A-3·A-4는 빈칸에 숫자를 적고, 나머지 문항은 해당하는 곳에 ✔ 표시하여 주십시오.",insufficient_information,null,45,null,null,false,true,true,unknown_not_inferred_from_safety_budget_access,"{""occupation"":""토목 관련 관리자"",""professional_persona_excerpt"":""베테랑 토목 관리자""}","{""role"":""현장 관리감독자(토목 공정·안전 점검)"",""budget_knowledge_scope"":""현장 안전관리 예산 편성·집행을 직접 관리하고 관련 문서를 볼 수 있음""}",N3,안전관리 예산과 현장 전체 총공사비를 구분한 뒤 해당 구간을 고른다.,안전관리 예산 문서 접근은 가상 조건이다. 그 조건만으로 현장 총공사비를 알 수 없고 금액도 없다.,"총공사비가 적힌 현장 자료, 안전관리 예산과의 구별, 조사자가 정한 금액 기준",구간 경계는 명확. 대상 범위·시점·부가세 처리는 확인 후보.,안전관리 예산과 현장 전체 총공사비를 구분한 뒤 해당 구간을 고른다.
P2-A-3,P2,103c046d76154e7090fc2a4587d335f7,1213,S2,https://huggingface.co/datasets/nvidia/Nemotron-Personas-Korea,ada0f5b53a38bb5a30cce09358adde883c1ab63a,https://datasets-server.huggingface.co/rows?dataset=nvidia%2FNemotron-Personas-Korea&config=default&split=train&offset=1213&length=1,03.plan/261003_1227_Nemotron_설문문항점검/personas.json#/personas/1,A-3,응답일 현재 귀하의 만 나이는?,95,**A-3)** 응답일 현재 귀하의 만 나이는?,&emsp;&emsp;만 (&emsp;&emsp;&emsp;)세,,"※ 다음은 응답자의 일반적 사항에 관한 질문입니다. A-3·A-4는 빈칸에 숫자를 적고, 나머지 문항은 해당하는 곳에 ✔ 표시하여 주십시오.",insufficient_information,null,38,null,null,false,true,false,not_applicable,"{""occupation"":""전기 감리 기술자 및 연구원"",""professional_persona_excerpt"":""경기 지역 건설 현장에서""}","{""role"":""전기 감리원"",""budget_knowledge_scope"":""담당 공정·감리 업무는 알지만 현장 예산 편성·집행액과 별도 지원 결정은 모름""}",N1,응답하는 날을 기준으로 만 나이를 세 단위로 적는 문항이다.,원본 age=38의 계산 방식·기준일이 없다. 직무나 수집일로 이를 보완할 수 없다.,응답일 현재 만 나이의 확인; 또는 계산 근거가 있는 생년월일·기준일,기준일·방식·단위 명시. 문구 결함과 구분되는 원본 정보 부족.,응답하는 날을 기준으로 만 나이를 세 단위로 적는 문항이다.
P2-A-4,P2,103c046d76154e7090fc2a4587d335f7,1213,S2,https://huggingface.co/datasets/nvidia/Nemotron-Personas-Korea,ada0f5b53a38bb5a30cce09358adde883c1ab63a,https://datasets-server.huggingface.co/rows?dataset=nvidia%2FNemotron-Personas-Korea&config=default&split=train&offset=1213&length=1,03.plan/261003_1227_Nemotron_설문문항점검/personas.json#/personas/1,A-4,귀하의 건설현장 근무 경력은? (응답일까지 안전관리·공사감독·시공관리 등 현장 업무에 종사한 전체 기간),98,**A-4)** 귀하의 건설현장 근무 경력은? (응답일까지 안전관리·공사감독·시공관리 등 현장 업무에 종사한 전체 기간),&emsp;&emsp;(&emsp;&emsp;&emsp;)년 (&emsp;&emsp;&emsp;)개월,※ 여러 현장이나 업무의 근무 기간이 겹치면 같은 기간을 중복하여 합산하지 마십시오. 개월은 연수를 제외한 나머지 개월(0∼11)로 적어 주십시오.,"※ 다음은 응답자의 일반적 사항에 관한 질문입니다. A-3·A-4는 빈칸에 숫자를 적고, 나머지 문항은 해당하는 곳에 ✔ 표시하여 주십시오.",insufficient_information,null,38,null,null,false,true,false,not_applicable,"{""occupation"":""전기 감리 기술자 및 연구원"",""professional_persona_excerpt"":""경기 지역 건설 현장에서""}","{""role"":""전기 감리원"",""budget_knowledge_scope"":""담당 공정·감리 업무는 알지만 현장 예산 편성·집행액과 별도 지원 결정은 모름""}",N2,전기 감리 등 실제 현장 업무 기간을 합산하고 겹치는 기간은 제외한다.,원본 직함에 연구원이 함께 적혀 있어도 실제 현장 근무 기간을 확인해야 한다. 시작·종료일은 없다.,"현장 업무별 시작·종료 연월, 휴지·겹침 기간, 응답일",전체 기간·중복 제외·개월 0∼11 명시. 정확한 이력 미제공.,전기 감리 등 실제 현장 업무 기간을 합산하고 겹치는 기간은 제외한다.
P2-A-6,P2,103c046d76154e7090fc2a4587d335f7,1213,S2,https://huggingface.co/datasets/nvidia/Nemotron-Personas-Korea,ada0f5b53a38bb5a30cce09358adde883c1ab63a,https://datasets-server.huggingface.co/rows?dataset=nvidia%2FNemotron-Personas-Korea&config=default&split=train&offset=1213&length=1,03.plan/261003_1227_Nemotron_설문문항점검/personas.json#/personas/1,A-6,현재 담당 현장의 총공사비 구간은?,105,**A-6)** 현재 담당 현장의 총공사비 구간은?,"&emsp;&emsp;① 20억 원 미만 &emsp;&emsp;② 20억 원 이상∼50억 원 미만 &emsp;&emsp;③ 50억 원 이상∼120억 원 미만
&emsp;&emsp;④ 120억 원 이상∼150억 원 미만 &emsp;&emsp;⑤ 150억 원 이상",,"※ 다음은 응답자의 일반적 사항에 관한 질문입니다. A-3·A-4는 빈칸에 숫자를 적고, 나머지 문항은 해당하는 곳에 ✔ 표시하여 주십시오.",insufficient_information,null,38,null,null,false,true,true,unknown_not_inferred_from_safety_budget_access,"{""occupation"":""전기 감리 기술자 및 연구원"",""professional_persona_excerpt"":""경기 지역 건설 현장에서""}","{""role"":""전기 감리원"",""budget_knowledge_scope"":""담당 공정·감리 업무는 알지만 현장 예산 편성·집행액과 별도 지원 결정은 모름""}",N3,담당 전기 공종의 금액과 현장 전체 금액 중 어느 것을 묻는지 확인한다.,전기 감리 직무는 원본에 있지만 총공사비는 없다. 예산 편성·집행액을 모른다는 조건도 재사용한다.,"현장 전체와 담당 공종의 구별, 총공사비 확인 담당자·자료, 조사자가 정한 금액 기준",구간 경계는 명확. 대상 범위·시점·부가세 처리는 확인 후보.,담당 전기 공종의 금액과 현장 전체 금액 중 어느 것을 묻는지 확인한다.
P3-A-3,P3,c38363ea2ac540aa910b9b4e6354d3f2,1281,S3,https://huggingface.co/datasets/nvidia/Nemotron-Personas-Korea,ada0f5b53a38bb5a30cce09358adde883c1ab63a,https://datasets-server.huggingface.co/rows?dataset=nvidia%2FNemotron-Personas-Korea&config=default&split=train&offset=1281&length=1,03.plan/261003_1227_Nemotron_설문문항점검/personas.json#/personas/2,A-3,응답일 현재 귀하의 만 나이는?,95,**A-3)** 응답일 현재 귀하의 만 나이는?,&emsp;&emsp;만 (&emsp;&emsp;&emsp;)세,,"※ 다음은 응답자의 일반적 사항에 관한 질문입니다. A-3·A-4는 빈칸에 숫자를 적고, 나머지 문항은 해당하는 곳에 ✔ 표시하여 주십시오.",insufficient_information,null,60,null,null,false,true,false,not_applicable,"{""occupation"":""토목 관련 관리자"",""professional_persona_excerpt"":""수십 년간 거친 토목 현장을 누비며""}","{""role"":""현장 관리감독자(토목 공정·계약 조정)"",""budget_knowledge_scope"":""현장 안전관리 예산 편성·집행을 직접 관리하고 관련 문서를 볼 수 있음""}",N1,응답하는 날을 기준으로 만 나이를 세 단위로 적는 문항이다.,원본 age=60의 계산 방식·기준일이 없다. 직무나 수집일로 이를 보완할 수 없다.,응답일 현재 만 나이의 확인; 또는 계산 근거가 있는 생년월일·기준일,기준일·방식·단위 명시. 문구 결함과 구분되는 원본 정보 부족.,응답하는 날을 기준으로 만 나이를 세 단위로 적는 문항이다.
P3-A-4,P3,c38363ea2ac540aa910b9b4e6354d3f2,1281,S3,https://huggingface.co/datasets/nvidia/Nemotron-Personas-Korea,ada0f5b53a38bb5a30cce09358adde883c1ab63a,https://datasets-server.huggingface.co/rows?dataset=nvidia%2FNemotron-Personas-Korea&config=default&split=train&offset=1281&length=1,03.plan/261003_1227_Nemotron_설문문항점검/personas.json#/personas/2,A-4,귀하의 건설현장 근무 경력은? (응답일까지 안전관리·공사감독·시공관리 등 현장 업무에 종사한 전체 기간),98,**A-4)** 귀하의 건설현장 근무 경력은? (응답일까지 안전관리·공사감독·시공관리 등 현장 업무에 종사한 전체 기간),&emsp;&emsp;(&emsp;&emsp;&emsp;)년 (&emsp;&emsp;&emsp;)개월,※ 여러 현장이나 업무의 근무 기간이 겹치면 같은 기간을 중복하여 합산하지 마십시오. 개월은 연수를 제외한 나머지 개월(0∼11)로 적어 주십시오.,"※ 다음은 응답자의 일반적 사항에 관한 질문입니다. A-3·A-4는 빈칸에 숫자를 적고, 나머지 문항은 해당하는 곳에 ✔ 표시하여 주십시오.",insufficient_information,null,60,null,null,false,true,false,not_applicable,"{""occupation"":""토목 관련 관리자"",""professional_persona_excerpt"":""수십 년간 거친 토목 현장을 누비며""}","{""role"":""현장 관리감독자(토목 공정·계약 조정)"",""budget_knowledge_scope"":""현장 안전관리 예산 편성·집행을 직접 관리하고 관련 문서를 볼 수 있음""}",N2,과거부터 응답일까지의 현장 업무를 년·개월로 적되 겹치는 기간은 한 번만 센다.,수십 년이라는 원문은 정확한 연수가 아니다. 자문역 전환도 목표일 뿐 실제 경력 변동으로 계산하지 않는다.,"현장 업무별 시작·종료 연월, 휴지·겹침 기간, 응답일",전체 기간·중복 제외·개월 0∼11 명시. 정확한 이력 미제공.,과거부터 응답일까지의 현장 업무를 년·개월로 적되 겹치는 기간은 한 번만 센다.
P3-A-6,P3,c38363ea2ac540aa910b9b4e6354d3f2,1281,S3,https://huggingface.co/datasets/nvidia/Nemotron-Personas-Korea,ada0f5b53a38bb5a30cce09358adde883c1ab63a,https://datasets-server.huggingface.co/rows?dataset=nvidia%2FNemotron-Personas-Korea&config=default&split=train&offset=1281&length=1,03.plan/261003_1227_Nemotron_설문문항점검/personas.json#/personas/2,A-6,현재 담당 현장의 총공사비 구간은?,105,**A-6)** 현재 담당 현장의 총공사비 구간은?,"&emsp;&emsp;① 20억 원 미만 &emsp;&emsp;② 20억 원 이상∼50억 원 미만 &emsp;&emsp;③ 50억 원 이상∼120억 원 미만
&emsp;&emsp;④ 120억 원 이상∼150억 원 미만 &emsp;&emsp;⑤ 150억 원 이상",,"※ 다음은 응답자의 일반적 사항에 관한 질문입니다. A-3·A-4는 빈칸에 숫자를 적고, 나머지 문항은 해당하는 곳에 ✔ 표시하여 주십시오.",insufficient_information,null,60,null,null,false,true,true,unknown_not_inferred_from_safety_budget_access,"{""occupation"":""토목 관련 관리자"",""professional_persona_excerpt"":""수십 년간 거친 토목 현장을 누비며""}","{""role"":""현장 관리감독자(토목 공정·계약 조정)"",""budget_knowledge_scope"":""현장 안전관리 예산 편성·집행을 직접 관리하고 관련 문서를 볼 수 있음""}",N3,"계약·공사비 협상 경험과 별개로, 어떤 시점의 현장 총공사비인지 확인한다.","원본에 공사비 협상 업무가 있고 가상 예산 문서 접근 조건이 있지만, 실제 계약금액과 변경 이력은 없다.","총공사비 자료, 계약 변경 전후 중 적용 시점, 조사자가 정한 금액 기준",구간 경계는 명확. 대상 범위·시점·부가세 처리는 확인 후보.,"계약·공사비 협상 경험과 별개로, 어떤 시점의 현장 총공사비인지 확인한다."
P4-A-3,P4,39b098bb8e364e5b9ec19632ed01cb5b,1479,S4,https://huggingface.co/datasets/nvidia/Nemotron-Personas-Korea,ada0f5b53a38bb5a30cce09358adde883c1ab63a,https://datasets-server.huggingface.co/rows?dataset=nvidia%2FNemotron-Personas-Korea&config=default&split=train&offset=1479&length=1,03.plan/261003_1227_Nemotron_설문문항점검/personas.json#/personas/3,A-3,응답일 현재 귀하의 만 나이는?,95,**A-3)** 응답일 현재 귀하의 만 나이는?,&emsp;&emsp;만 (&emsp;&emsp;&emsp;)세,,"※ 다음은 응답자의 일반적 사항에 관한 질문입니다. A-3·A-4는 빈칸에 숫자를 적고, 나머지 문항은 해당하는 곳에 ✔ 표시하여 주십시오.",insufficient_information,null,47,null,null,false,true,false,not_applicable,"{""occupation"":""그 외 토목 관련 기술자"",""professional_persona_excerpt"":""화성시 일대의 토목 현장에서""}","{""role"":""현장 관리감독자(공정·협력업체 조정)"",""budget_knowledge_scope"":""담당 공정·감리 업무는 알지만 현장 예산 편성·집행액과 별도 지원 결정은 모름""}",N1,응답하는 날을 기준으로 만 나이를 세 단위로 적는 문항이다.,원본 age=47의 계산 방식·기준일이 없다. 직무나 수집일로 이를 보완할 수 없다.,응답일 현재 만 나이의 확인; 또는 계산 근거가 있는 생년월일·기준일,기준일·방식·단위 명시. 문구 결함과 구분되는 원본 정보 부족.,응답하는 날을 기준으로 만 나이를 세 단위로 적는 문항이다.
P4-A-4,P4,39b098bb8e364e5b9ec19632ed01cb5b,1479,S4,https://huggingface.co/datasets/nvidia/Nemotron-Personas-Korea,ada0f5b53a38bb5a30cce09358adde883c1ab63a,https://datasets-server.huggingface.co/rows?dataset=nvidia%2FNemotron-Personas-Korea&config=default&split=train&offset=1479&length=1,03.plan/261003_1227_Nemotron_설문문항점검/personas.json#/personas/3,A-4,귀하의 건설현장 근무 경력은? (응답일까지 안전관리·공사감독·시공관리 등 현장 업무에 종사한 전체 기간),98,**A-4)** 귀하의 건설현장 근무 경력은? (응답일까지 안전관리·공사감독·시공관리 등 현장 업무에 종사한 전체 기간),&emsp;&emsp;(&emsp;&emsp;&emsp;)년 (&emsp;&emsp;&emsp;)개월,※ 여러 현장이나 업무의 근무 기간이 겹치면 같은 기간을 중복하여 합산하지 마십시오. 개월은 연수를 제외한 나머지 개월(0∼11)로 적어 주십시오.,"※ 다음은 응답자의 일반적 사항에 관한 질문입니다. A-3·A-4는 빈칸에 숫자를 적고, 나머지 문항은 해당하는 곳에 ✔ 표시하여 주십시오.",insufficient_information,null,47,null,null,false,true,false,not_applicable,"{""occupation"":""그 외 토목 관련 기술자"",""professional_persona_excerpt"":""화성시 일대의 토목 현장에서""}","{""role"":""현장 관리감독자(공정·협력업체 조정)"",""budget_knowledge_scope"":""담당 공정·감리 업무는 알지만 현장 예산 편성·집행액과 별도 지원 결정은 모름""}",N2,공정·협력업체 조정 등 현장 업무 기간을 년·개월로 적고 중복 기간은 제외한다.,원본은 현장 실무를 설명하지만 근무 연월은 없다. 숙련도나 나이로 경력을 채우지 않는다.,"현장 업무별 시작·종료 연월, 휴지·겹침 기간, 응답일",전체 기간·중복 제외·개월 0∼11 명시. 정확한 이력 미제공.,공정·협력업체 조정 등 현장 업무 기간을 년·개월로 적고 중복 기간은 제외한다.
P4-A-6,P4,39b098bb8e364e5b9ec19632ed01cb5b,1479,S4,https://huggingface.co/datasets/nvidia/Nemotron-Personas-Korea,ada0f5b53a38bb5a30cce09358adde883c1ab63a,https://datasets-server.huggingface.co/rows?dataset=nvidia%2FNemotron-Personas-Korea&config=default&split=train&offset=1479&length=1,03.plan/261003_1227_Nemotron_설문문항점검/personas.json#/personas/3,A-6,현재 담당 현장의 총공사비 구간은?,105,**A-6)** 현재 담당 현장의 총공사비 구간은?,"&emsp;&emsp;① 20억 원 미만 &emsp;&emsp;② 20억 원 이상∼50억 원 미만 &emsp;&emsp;③ 50억 원 이상∼120억 원 미만
&emsp;&emsp;④ 120억 원 이상∼150억 원 미만 &emsp;&emsp;⑤ 150억 원 이상",,"※ 다음은 응답자의 일반적 사항에 관한 질문입니다. A-3·A-4는 빈칸에 숫자를 적고, 나머지 문항은 해당하는 곳에 ✔ 표시하여 주십시오.",insufficient_information,null,47,null,null,false,true,true,unknown_not_inferred_from_safety_budget_access,"{""occupation"":""그 외 토목 관련 기술자"",""professional_persona_excerpt"":""화성시 일대의 토목 현장에서""}","{""role"":""현장 관리감독자(공정·협력업체 조정)"",""budget_knowledge_scope"":""담당 공정·감리 업무는 알지만 현장 예산 편성·집행액과 별도 지원 결정은 모름""}",N3,담당 공정의 물량·자재비를 현장 총공사비로 바꾸어 답하지 않는다.,원본의 물량·자재 관리 업무는 총공사비를 안다는 근거가 아니다. 예산 편성·집행액 미상 조건을 유지한다.,"물량·자재비와 총공사비의 구별, 금액 확인 담당자·자료, 조사자가 정한 금액 기준",구간 경계는 명확. 대상 범위·시점·부가세 처리는 확인 후보.,담당 공정의 물량·자재비를 현장 총공사비로 바꾸어 답하지 않는다.
P5-A-3,P5,82ffcd9945da443b9ba33734f9b83bc0,1034,S5,https://huggingface.co/datasets/nvidia/Nemotron-Personas-Korea,ada0f5b53a38bb5a30cce09358adde883c1ab63a,https://datasets-server.huggingface.co/rows?dataset=nvidia%2FNemotron-Personas-Korea&config=default&split=train&offset=1034&length=1,03.plan/261003_1227_Nemotron_설문문항점검/personas.json#/personas/4,A-3,응답일 현재 귀하의 만 나이는?,95,**A-3)** 응답일 현재 귀하의 만 나이는?,&emsp;&emsp;만 (&emsp;&emsp;&emsp;)세,,"※ 다음은 응답자의 일반적 사항에 관한 질문입니다. A-3·A-4는 빈칸에 숫자를 적고, 나머지 문항은 해당하는 곳에 ✔ 표시하여 주십시오.",insufficient_information,null,65,null,null,false,true,false,not_applicable,"{""occupation"":""그 외 건설·전기 및 생산 관련 관리자"",""professional_persona_excerpt"":""강릉의 중소 건설 현장에서""}","{""role"":""현장소장"",""budget_knowledge_scope"":""현장 안전관리 예산 편성·집행을 직접 관리하고 관련 문서를 볼 수 있음""}",N1,응답하는 날을 기준으로 만 나이를 세 단위로 적는 문항이다.,원본 age=65의 계산 방식·기준일이 없다. 직무나 수집일로 이를 보완할 수 없다.,응답일 현재 만 나이의 확인; 또는 계산 근거가 있는 생년월일·기준일,기준일·방식·단위 명시. 문구 결함과 구분되는 원본 정보 부족.,응답하는 날을 기준으로 만 나이를 세 단위로 적는 문항이다.
P5-A-4,P5,82ffcd9945da443b9ba33734f9b83bc0,1034,S5,https://huggingface.co/datasets/nvidia/Nemotron-Personas-Korea,ada0f5b53a38bb5a30cce09358adde883c1ab63a,https://datasets-server.huggingface.co/rows?dataset=nvidia%2FNemotron-Personas-Korea&config=default&split=train&offset=1034&length=1,03.plan/261003_1227_Nemotron_설문문항점검/personas.json#/personas/4,A-4,귀하의 건설현장 근무 경력은? (응답일까지 안전관리·공사감독·시공관리 등 현장 업무에 종사한 전체 기간),98,**A-4)** 귀하의 건설현장 근무 경력은? (응답일까지 안전관리·공사감독·시공관리 등 현장 업무에 종사한 전체 기간),&emsp;&emsp;(&emsp;&emsp;&emsp;)년 (&emsp;&emsp;&emsp;)개월,※ 여러 현장이나 업무의 근무 기간이 겹치면 같은 기간을 중복하여 합산하지 마십시오. 개월은 연수를 제외한 나머지 개월(0∼11)로 적어 주십시오.,"※ 다음은 응답자의 일반적 사항에 관한 질문입니다. A-3·A-4는 빈칸에 숫자를 적고, 나머지 문항은 해당하는 곳에 ✔ 표시하여 주십시오.",insufficient_information,null,65,null,null,false,true,false,not_applicable,"{""occupation"":""그 외 건설·전기 및 생산 관련 관리자"",""professional_persona_excerpt"":""강릉의 중소 건설 현장에서""}","{""role"":""현장소장"",""budget_knowledge_scope"":""현장 안전관리 예산 편성·집행을 직접 관리하고 관련 문서를 볼 수 있음""}",N2,현재 현장소장 경력뿐 아니라 과거 현장 업무를 포함하고 겹치는 기간은 제외한다.,소장 직무와 현장 경험은 원본에 있으나 전체 경력의 시작·종료일은 없다.,"현장 업무별 시작·종료 연월, 휴지·겹침 기간, 응답일",전체 기간·중복 제외·개월 0∼11 명시. 정확한 이력 미제공.,현재 현장소장 경력뿐 아니라 과거 현장 업무를 포함하고 겹치는 기간은 제외한다.
P5-A-6,P5,82ffcd9945da443b9ba33734f9b83bc0,1034,S5,https://huggingface.co/datasets/nvidia/Nemotron-Personas-Korea,ada0f5b53a38bb5a30cce09358adde883c1ab63a,https://datasets-server.huggingface.co/rows?dataset=nvidia%2FNemotron-Personas-Korea&config=default&split=train&offset=1034&length=1,03.plan/261003_1227_Nemotron_설문문항점검/personas.json#/personas/4,A-6,현재 담당 현장의 총공사비 구간은?,105,**A-6)** 현재 담당 현장의 총공사비 구간은?,"&emsp;&emsp;① 20억 원 미만 &emsp;&emsp;② 20억 원 이상∼50억 원 미만 &emsp;&emsp;③ 50억 원 이상∼120억 원 미만
&emsp;&emsp;④ 120억 원 이상∼150억 원 미만 &emsp;&emsp;⑤ 150억 원 이상",,"※ 다음은 응답자의 일반적 사항에 관한 질문입니다. A-3·A-4는 빈칸에 숫자를 적고, 나머지 문항은 해당하는 곳에 ✔ 표시하여 주십시오.",insufficient_information,null,65,null,null,false,true,true,unknown_not_inferred_from_safety_budget_access,"{""occupation"":""그 외 건설·전기 및 생산 관련 관리자"",""professional_persona_excerpt"":""강릉의 중소 건설 현장에서""}","{""role"":""현장소장"",""budget_knowledge_scope"":""현장 안전관리 예산 편성·집행을 직접 관리하고 관련 문서를 볼 수 있음""}",N3,중소 현장이라는 설명으로 구간을 추정하지 않고 총공사비 자료를 확인한다.,원본의 중소 건설 현장이라는 표현은 다섯 구간 중 하나를 확정하지 않는다. 가상 현장의 금액은 없다.,현장 총공사비 자료와 조사자가 정한 금액 기준; 중소라는 표현으로 상한을 추정하지 않음,구간 경계는 명확. 대상 범위·시점·부가세 처리는 확인 후보.,중소 현장이라는 설명으로 구간을 추정하지 않고 총공사비 자료를 확인한다.
P6-A-3,P6,4a13147b4f4d4f8a985e8d08fe55610d,310,S6,https://huggingface.co/datasets/nvidia/Nemotron-Personas-Korea,ada0f5b53a38bb5a30cce09358adde883c1ab63a,https://datasets-server.huggingface.co/rows?dataset=nvidia%2FNemotron-Personas-Korea&config=default&split=train&offset=310&length=1,03.plan/261003_1227_Nemotron_설문문항점검/personas.json#/personas/5,A-3,응답일 현재 귀하의 만 나이는?,95,**A-3)** 응답일 현재 귀하의 만 나이는?,&emsp;&emsp;만 (&emsp;&emsp;&emsp;)세,,"※ 다음은 응답자의 일반적 사항에 관한 질문입니다. A-3·A-4는 빈칸에 숫자를 적고, 나머지 문항은 해당하는 곳에 ✔ 표시하여 주십시오.",insufficient_information,null,39,null,null,false,true,false,not_applicable,"{""occupation"":""토목감리 기술자"",""professional_persona_excerpt"":""청주 인근 토목 현장에서""}","{""role"":""토목 감리원"",""budget_knowledge_scope"":""담당 공정·감리 업무는 알지만 현장 예산 편성·집행액과 별도 지원 결정은 모름""}",N1,응답하는 날을 기준으로 만 나이를 세 단위로 적는 문항이다.,원본 age=39의 계산 방식·기준일이 없다. 직무나 수집일로 이를 보완할 수 없다.,응답일 현재 만 나이의 확인; 또는 계산 근거가 있는 생년월일·기준일,기준일·방식·단위 명시. 문구 결함과 구분되는 원본 정보 부족.,응답하는 날을 기준으로 만 나이를 세 단위로 적는 문항이다.
P6-A-4,P6,4a13147b4f4d4f8a985e8d08fe55610d,310,S6,https://huggingface.co/datasets/nvidia/Nemotron-Personas-Korea,ada0f5b53a38bb5a30cce09358adde883c1ab63a,https://datasets-server.huggingface.co/rows?dataset=nvidia%2FNemotron-Personas-Korea&config=default&split=train&offset=310&length=1,03.plan/261003_1227_Nemotron_설문문항점검/personas.json#/personas/5,A-4,귀하의 건설현장 근무 경력은? (응답일까지 안전관리·공사감독·시공관리 등 현장 업무에 종사한 전체 기간),98,**A-4)** 귀하의 건설현장 근무 경력은? (응답일까지 안전관리·공사감독·시공관리 등 현장 업무에 종사한 전체 기간),&emsp;&emsp;(&emsp;&emsp;&emsp;)년 (&emsp;&emsp;&emsp;)개월,※ 여러 현장이나 업무의 근무 기간이 겹치면 같은 기간을 중복하여 합산하지 마십시오. 개월은 연수를 제외한 나머지 개월(0∼11)로 적어 주십시오.,"※ 다음은 응답자의 일반적 사항에 관한 질문입니다. A-3·A-4는 빈칸에 숫자를 적고, 나머지 문항은 해당하는 곳에 ✔ 표시하여 주십시오.",insufficient_information,null,39,null,null,false,true,false,not_applicable,"{""occupation"":""토목감리 기술자"",""professional_persona_excerpt"":""청주 인근 토목 현장에서""}","{""role"":""토목 감리원"",""budget_knowledge_scope"":""담당 공정·감리 업무는 알지만 현장 예산 편성·집행액과 별도 지원 결정은 모름""}",N2,"토목 감리 등 현장 업무 기간을 합치고, 여러 업무를 동시에 맡았다면 같은 기간은 한 번만 센다.",원본의 감리·공정 조율 업무에서 정확한 근무 연월이나 겹친 기간을 알아낼 수 없다.,"현장 업무별 시작·종료 연월, 휴지·겹침 기간, 응답일",전체 기간·중복 제외·개월 0∼11 명시. 정확한 이력 미제공.,"토목 감리 등 현장 업무 기간을 합치고, 여러 업무를 동시에 맡았다면 같은 기간은 한 번만 센다."
P6-A-6,P6,4a13147b4f4d4f8a985e8d08fe55610d,310,S6,https://huggingface.co/datasets/nvidia/Nemotron-Personas-Korea,ada0f5b53a38bb5a30cce09358adde883c1ab63a,https://datasets-server.huggingface.co/rows?dataset=nvidia%2FNemotron-Personas-Korea&config=default&split=train&offset=310&length=1,03.plan/261003_1227_Nemotron_설문문항점검/personas.json#/personas/5,A-6,현재 담당 현장의 총공사비 구간은?,105,**A-6)** 현재 담당 현장의 총공사비 구간은?,"&emsp;&emsp;① 20억 원 미만 &emsp;&emsp;② 20억 원 이상∼50억 원 미만 &emsp;&emsp;③ 50억 원 이상∼120억 원 미만
&emsp;&emsp;④ 120억 원 이상∼150억 원 미만 &emsp;&emsp;⑤ 150억 원 이상",,"※ 다음은 응답자의 일반적 사항에 관한 질문입니다. A-3·A-4는 빈칸에 숫자를 적고, 나머지 문항은 해당하는 곳에 ✔ 표시하여 주십시오.",insufficient_information,null,39,null,null,false,true,true,unknown_not_inferred_from_safety_budget_access,"{""occupation"":""토목감리 기술자"",""professional_persona_excerpt"":""청주 인근 토목 현장에서""}","{""role"":""토목 감리원"",""budget_knowledge_scope"":""담당 공정·감리 업무는 알지만 현장 예산 편성·집행액과 별도 지원 결정은 모름""}",N3,감리 대상 공종의 계약액과 현재 담당 현장 전체 금액을 구분해 읽는다.,감리 직무와 예산 편성·집행액 미상 조건만 주어졌다. 총공사비 지식 유무는 별도로 확인해야 한다.,"현장 전체와 감리 대상 공종의 구별, 총공사비 확인 담당자·자료, 조사자가 정한 금액 기준",구간 경계는 명확. 대상 범위·시점·부가세 처리는 확인 후보.,감리 대상 공종의 계약액과 현재 담당 현장 전체 금액을 구분해 읽는다.
