persona_id,uuid,source_row_index,site_id,group,code,question_text,question_source_line,options_source_markdown,applicable_item,status,interpretation,reason,evidence_type,evidence_refs,information_needed,ambiguous_expression,non_applicable_handling,numeric_selection,numeric_selection_basis,virtual_utterance,wording_issue_candidate,respondent_access_risk,scenario_information_gap
P1,3d65081846cb46d5b26d75887ce6ead2,1187,S1,도입,A-1,귀하의 소속 구분은?,89,&emsp;&emsp;① 시공사 &emsp;&emsp;② 발주청(공사감독·감리원 포함),true,answerable,소속이 시공사 측인지 발주청·감리 측인지를 고르는 항목이다.,가상 소속은 시공사로 명시했다. 원본 소속 사실로 확정한 것은 아니므로 번호 선택은 하지 않는다.,scenario_assumption,"[""scenario_assumptions""]",[],[],,,,이 시험에서는 시공사 소속으로 읽겠습니다.,false,false,false
P1,3d65081846cb46d5b26d75887ce6ead2,1187,S1,도입,A-2,귀하의 성별은?,92,&emsp;&emsp;① 남성 &emsp;&emsp;② 여성,true,answerable,성별 보기에서 원본 필드에 해당하는 범주를 고른다.,원본 sex가 남자로 제공되어 있다. 이 정보는 다른 문항의 능력·태도 추정에 사용하지 않는다.,source_fact,"[""source_fields.sex""]",[],[],,1,source_fields.sex,원본에 적힌 성별은 남자입니다.,false,false,false
P1,3d65081846cb46d5b26d75887ce6ead2,1187,S1,도입,A-3,귀하의 연령대는?,95,&emsp;&emsp;① 20대 &emsp;&emsp;② 30대 &emsp;&emsp;③ 40대 &emsp;&emsp;④ 50대 &emsp;&emsp;⑤ 60대 이상,true,answerable,원본 나이가 속하는 연령 구간을 고른다.,원본 age=45를 현행 보기 구간에 대입한다. 숙련도나 기술 수용성을 나이로 추정하지 않는다.,source_fact,"[""source_fields.age""]",[],[],,3,source_fields.age,45세이므로 해당 연령 구간을 고르겠습니다.,false,false,false
P1,3d65081846cb46d5b26d75887ce6ead2,1187,S1,도입,A-4,귀하의 건설현장 근무 경력은? (안전관리·공사감독·시공관리 등 현장 업무 경력을 모두 합한 기간),98,"&emsp;&emsp;① 3년 미만 &emsp;&emsp;② 3년 이상∼5년 미만 &emsp;&emsp;③ 5년 이상∼10년 미만
&emsp;&emsp;④ 10년 이상∼20년 미만 &emsp;&emsp;⑤ 20년 이상",true,needs_information,안전관리·감독·시공관리 등 실제 현장 업무 기간을 합산하는 항목이다.,원본의 베테랑·수십 년 같은 서술만으로 정확한 누적 현장 경력은 정하지 않았다. 나이·졸업 시점에서 경력을 만들어내지 않는다.,scenario_information_gap,"[""scenario_assumptions""]","[""경력증명 또는 본인이 확인한 현장 업무 누적 기간""]",[],,,,"현장 경력을 합쳐 적는 뜻은 알지만, 제 이력의 정확한 기간은 이 자료에 없습니다.",false,false,true
P1,3d65081846cb46d5b26d75887ce6ead2,1187,S1,도입,A-5,현장에서 귀하가 맡고 있는 역할은?,102,&emsp;&emsp;① 공사감독 &emsp;&emsp;② 안전관리자 &emsp;&emsp;③ 현장소장 &emsp;&emsp;④ 기타(&emsp;&emsp;&emsp;&emsp;),true,ambiguous,현장 역할을 네 개 보기 가운데 분류하는 항목이다.,가상 역할은 현장 관리감독자(토목 공정·안전 점검)이다. 관리감독자·감리원 이름이 보기에는 없어 공사감독에 포함할지 기타에 적을지 확인이 필요하다. 기타란은 있으므로 응답 자체가 불가능하지는 않다.,item_wording,"[""questionnaire.A-5"",""scenario_assumptions""]","[""조사자가 의도한 역할 범주 매핑""]","[""공사감독"",""기타""]",,,,저는 현장 관리감독자(토목 공정·안전 점검)인데 공사감독을 고르는지 기타에 적는지 망설여집니다.,true,false,false
P1,3d65081846cb46d5b26d75887ce6ead2,1187,S1,도입,A-6,현재 담당 현장의 공사금액 규모는? **[확정 필요: 공사금액 구간 기준]**,105,"&emsp;&emsp;① 20억 원 미만 &emsp;&emsp;② 20억 원 이상∼50억 원 미만 &emsp;&emsp;③ 50억 원 이상∼100억 원 미만
&emsp;&emsp;④ 100억 원 이상∼120억 원 미만 &emsp;&emsp;⑤ 120억 원 이상",true,needs_information,현재 맡은 현장의 공사금액을 보기 구간에 맞춰 고르는 항목이다.,가상 현장의 공사금액을 제공하지 않았으므로 선택할 수 없다. 원문의 구간 기준 확정 필요 표시도 그대로 보존했다. 정보 미제공은 새로운 문항 결함이 아니다.,scenario_information_gap,"[""scenario_assumptions""]","[""담당 현장 공사금액"",""원문에 남은 공사금액 구간 기준 확정""]",[],,,,"공사금액이 주어지면 구간을 고를 수 있지만, 이 시험에는 금액이 없습니다.",false,false,true
P1,3d65081846cb46d5b26d75887ce6ead2,1187,S1,도입,B-1,우리 현장에서는 위험 상황을 조기에 인지한다.,118,① 전혀 그렇지 않다 — ② 그렇지 않다 — ③ 보통이다 — ④ 그렇다 — ⑤ 매우 그렇다,true,needs_information,위험이 커지거나 사고로 이어지기 전에 알아채는지를 묻는다.,해당 현장의 수행 경험·수준이 시나리오에 없어서 평정하지 않았다. 도입 여부만으로 수행 수준을 높거나 낮다고 정하지 않는다.,scenario_information_gap,"[""scenario_assumptions""]","[""담당 현장에서 위험을 발견한 상황과 발견 시점에 대한 기억""]",[],,,,"현장 관리감독자(토목 공정·안전 점검)으로 경험한 현장의 일을 떠올리는 질문인데, 실제 수행 수준은 여기 주어지지 않았습니다.",false,false,true
P1,3d65081846cb46d5b26d75887ce6ead2,1187,S1,도입,B-2,우리 현장에서는 위험 상황을 인지하면 초동 대응을 빠르게 지시한다.,119,① 전혀 그렇지 않다 — ② 그렇지 않다 — ③ 보통이다 — ④ 그렇다 — ⑤ 매우 그렇다,true,needs_information,위험을 알아챈 다음 초기 대응 지시가 늦지 않는지를 묻는다.,해당 현장의 수행 경험·수준이 시나리오에 없어서 평정하지 않았다. 도입 여부만으로 수행 수준을 높거나 낮다고 정하지 않는다.,scenario_information_gap,"[""scenario_assumptions""]","[""위험 인지 후 초동 대응을 지시했던 경험""]",[],,,,"현장 관리감독자(토목 공정·안전 점검)으로 경험한 현장의 일을 떠올리는 질문인데, 실제 수행 수준은 여기 주어지지 않았습니다.",false,false,true
P1,3d65081846cb46d5b26d75887ce6ead2,1187,S1,도입,B-3,우리 현장에서는 안전관리 담당자가 현장 밖에서도 위험 상황을 신속하게 파악한다.,120,① 전혀 그렇지 않다 — ② 그렇지 않다 — ③ 보통이다 — ④ 그렇다 — ⑤ 매우 그렇다,true,needs_information,안전관리 업무를 맡은 사람이 현장 밖에 있을 때도 위험 소식을 빨리 파악하는지를 묻는다.,해당 현장의 수행 경험·수준이 시나리오에 없어서 평정하지 않았다. 기존 안내가 전담 안전관리자뿐 아니라 안전관리 업무 담당자를 포함한다. 문항에는 CCTV라는 제한이 없다.,scenario_information_gap,"[""scenario_assumptions""]","[""현장 밖 안전관리 담당자에게 전화·보고·영상 등으로 위험을 알린 경험""]",[],,,,담당자가 밖에 있을 때도 알게 되는지를 묻는군요. 전화·보고·알림을 모두 떠올릴 수 있습니다.,false,false,true
P1,3d65081846cb46d5b26d75887ce6ead2,1187,S1,도입,B-4,우리 현장에서는 멀리 떨어진 곳에서도 위험 정보와 조치 필요사항을 원활하게 공유한다.,121,① 전혀 그렇지 않다 — ② 그렇지 않다 — ③ 보통이다 — ④ 그렇다 — ⑤ 매우 그렇다,true,needs_information,서로 떨어져 있는 사람에게 위험 내용과 해야 할 조치를 전달하는지를 묻는다.,해당 현장의 수행 경험·수준이 시나리오에 없어서 평정하지 않았다. 도입 여부만으로 수행 수준을 높거나 낮다고 정하지 않는다.,scenario_information_gap,"[""scenario_assumptions""]","[""거리나 위치가 다른 사람들 사이의 위험 정보·조치 전달 경험""]",[],,,,"현장 관리감독자(토목 공정·안전 점검)으로 경험한 현장의 일을 떠올리는 질문인데, 실제 수행 수준은 여기 주어지지 않았습니다.",false,false,true
P1,3d65081846cb46d5b26d75887ce6ead2,1187,S1,도입,B-5,우리 현장에서는 제한된 인력으로도 현장 순찰과 위험 확인 업무를 효율적으로 수행한다.,122,① 전혀 그렇지 않다 — ② 그렇지 않다 — ③ 보통이다 — ④ 그렇다 — ⑤ 매우 그렇다,true,needs_information,현재 인원으로 순찰과 위험 확인 업무를 얼마나 원활히 수행하는지를 묻는다.,해당 현장의 수행 경험·수준이 시나리오에 없어서 평정하지 않았다. 도입 여부만으로 수행 수준을 높거나 낮다고 정하지 않는다.,scenario_information_gap,"[""scenario_assumptions""]","[""현재 순찰 인력, 업무량과 순찰·위험 확인의 체감 수행 수준""]",[],,,,"현장 관리감독자(토목 공정·안전 점검)으로 경험한 현장의 일을 떠올리는 질문인데, 실제 수행 수준은 여기 주어지지 않았습니다.",false,false,true
P1,3d65081846cb46d5b26d75887ce6ead2,1187,S1,도입,B-6,우리 현장에서는 불필요한 확인 업무에 쫓기지 않고 실제 위험 대응에 집중한다.,123,① 전혀 그렇지 않다 — ② 그렇지 않다 — ③ 보통이다 — ④ 그렇다 — ⑤ 매우 그렇다,true,needs_information,중복되거나 불필요하다고 느끼는 확인 때문에 실제 위험 대응을 놓치는지를 묻는다.,해당 현장의 수행 경험·수준이 시나리오에 없어서 평정하지 않았다. 도입 여부만으로 수행 수준을 높거나 낮다고 정하지 않는다.,scenario_information_gap,"[""scenario_assumptions""]","[""중복 확인과 실제 위험 대응에 시간을 썼던 경험""]",[],,,,"현장 관리감독자(토목 공정·안전 점검)으로 경험한 현장의 일을 떠올리는 질문인데, 실제 수행 수준은 여기 주어지지 않았습니다.",false,false,true
P1,3d65081846cb46d5b26d75887ce6ead2,1187,S1,도입,B-7,우리 현장에서는 필요한 경우 시정·작업중지 등 통제 조치를 신속하게 시행한다.,124,① 전혀 그렇지 않다 — ② 그렇지 않다 — ③ 보통이다 — ④ 그렇다 — ⑤ 매우 그렇다,true,needs_information,시정이나 작업중지가 필요한 상황에서 실제 조치를 빨리 하는지를 묻는다.,해당 현장의 수행 경험·수준이 시나리오에 없어서 평정하지 않았다. 도입 여부만으로 수행 수준을 높거나 낮다고 정하지 않는다.,scenario_information_gap,"[""scenario_assumptions""]","[""시정·작업중지가 필요했던 사건과 실제 조치 경험""]",[],,,,"현장 관리감독자(토목 공정·안전 점검)으로 경험한 현장의 일을 떠올리는 질문인데, 실제 수행 수준은 여기 주어지지 않았습니다.",false,false,true
P1,3d65081846cb46d5b26d75887ce6ead2,1187,S1,도입,B-8,우리 현장에서는 사고로 이어질 수 있는 위험요인을 실질적으로 통제한다.,125,① 전혀 그렇지 않다 — ② 그렇지 않다 — ③ 보통이다 — ④ 그렇다 — ⑤ 매우 그렇다,true,needs_information,위험요인이 사고로 이어지지 않도록 실제로 통제하는 정도를 묻는다.,해당 현장의 수행 경험·수준이 시나리오에 없어서 평정하지 않았다. 도입 여부만으로 수행 수준을 높거나 낮다고 정하지 않는다.,scenario_information_gap,"[""scenario_assumptions""]","[""위험요인 통제 조치가 현장에서 이행되었다고 느낀 근거""]",[],,,,"현장 관리감독자(토목 공정·안전 점검)으로 경험한 현장의 일을 떠올리는 질문인데, 실제 수행 수준은 여기 주어지지 않았습니다.",false,false,true
P1,3d65081846cb46d5b26d75887ce6ead2,1187,S1,도입,C-1,우리 현장은 고가의 스마트 안전장비를 도입하기에는 예산이 부족하다.,134,① 전혀 그렇지 않다 — ② 그렇지 않다 — ③ 보통이다 — ④ 그렇다 — ⑤ 매우 그렇다,true,ambiguous,비싸다고 생각하는 스마트 안전장비를 살 만큼 현장 예산이 있는지를 묻는다.,고가가 어느 장비·가격대인지 기준이 없다. 같은 현장 예산이라도 서로 다른 장비를 떠올릴 가능성을 확인할 필요가 있다. 예산액 미제공은 별개이다.,item_wording,"[""questionnaire.C-1"",""scenario_assumptions""]","[""응답자가 떠올리는 장비와 비용 범위"",""현장의 예산 여건에 대한 인식""]","[""고가""]",,,,제가 떠올리는 고가 장비와 다른 분이 떠올리는 장비가 같을까요?,true,false,false
P1,3d65081846cb46d5b26d75887ce6ead2,1187,S1,도입,C-2,우리 현장은 스마트 안전장비나 관제 시스템 도입에 쓸 안전관리 예산이 부족하게 편성되어 있다.,135,① 전혀 그렇지 않다 — ② 그렇지 않다 — ③ 보통이다 — ④ 그렇다 — ⑤ 매우 그렇다,true,needs_information,장비나 관제 시스템에 사용할 안전관리 예산이 충분히 배정되었는지를 묻는다.,시험에서는 예산을 직접 관리하고 자료에 접근할 수 있게 설정했다. 다만 예산 편성 내역과 장비 도입 여건 자체를 제공하지 않아 답을 만들지 않았다. 문항 결함으로 계산하지 않는다.,scenario_information_gap,"[""scenario_assumptions""]","[""예산 편성 내역과 장비 도입 여건""]",[],,,,"예산 자료를 확인할 역할은 맡았지만, 이 시험에는 실제 금액이나 지원 이력이 없습니다.",false,false,true
P1,3d65081846cb46d5b26d75887ce6ead2,1187,S1,도입,C-3,우리 현장은 산업안전보건관리비 계상 기준만으로는 스마트 안전장비나 관제 시스템을 도입하기 어렵다.,136,① 전혀 그렇지 않다 — ② 그렇지 않다 — ③ 보통이다 — ④ 그렇다 — ⑤ 매우 그렇다,true,ambiguous,산업안전보건관리비의 계상 기준만으로 장비 도입에 필요한 여건이 갖춰지는지를 묻는다.,"계상 기준만으로는이라는 표현이 확보되는 금액의 부족을 뜻하는지, 지출 가능 범위 같은 제도 제약을 뜻하는지 나뉠 수 있다. 법령 내용이나 현장 적용 결과를 이 시험에서 판단하지 않는다.",item_wording,"[""questionnaire.C-3"",""scenario_assumptions""]","[""측정하려는 제약의 범위"",""실제 응답자가 계상 기준을 이해하는 방식""]","[""산업안전보건관리비 계상 기준만으로는""]",,,,"관리비가 모자란다는 뜻인지, 그 돈으로 해당 장비를 살 수 없다는 뜻인지 먼저 확인하고 싶습니다.",true,false,false
P1,3d65081846cb46d5b26d75887ce6ead2,1187,S1,도입,C-4,우리 현장은 소속 기관인 본사나 발주청으로부터 스마트 안전장비나 관제 시스템 도입 예산을 별도로 지원받기 어렵다.,137,① 전혀 그렇지 않다 — ② 그렇지 않다 — ③ 보통이다 — ④ 그렇다 — ⑤ 매우 그렇다,true,needs_information,현장 자체 예산 외에 본사나 발주청의 추가 지원을 받기 어려운지를 묻는다.,시험에서는 예산을 직접 관리하고 자료에 접근할 수 있게 설정했다. 다만 본사·발주청 지원 절차와 지원 경험 자체를 제공하지 않아 답을 만들지 않았다. 문항 결함으로 계산하지 않는다.,scenario_information_gap,"[""scenario_assumptions""]","[""본사·발주청 지원 절차와 지원 경험""]",[],,,,"예산 자료를 확인할 역할은 맡았지만, 이 시험에는 실제 금액이나 지원 이력이 없습니다.",false,false,true
P1,3d65081846cb46d5b26d75887ce6ead2,1187,S1,도입,D-1,본 시스템은 일반 사무용 PC로 구동되어 고가 AI 서버 등 별도 장비에 대한 투자 부담이 적다.,160,① 전혀 그렇지 않다 — ② 그렇지 않다 — ③ 보통이다 — ④ 그렇다 — ⑤ 매우 그렇다,true,ambiguous,사무용 PC로 운영할 수 있다는 점과 별도 장비 투자 부담이 작은지를 함께 묻는다.,장비 구성 경험은 있지만 일반 PC 구동과 투자 부담은 별개의 판단이다. 직접 예산을 관리하는 역할이어도 구성비·구매비가 없으면 투자 부담까지 정할 수 없다.,item_wording,"[""questionnaire.D-1"",""scenario_assumptions""]","[""직접 경험한 장비 구성"",""별도 장비 구입·이용 부담에 대한 인식""]","[""일반 사무용 PC"",""투자 부담이 적다""]",,,,어떤 PC를 썼는지와 돈이 적게 들었는지는 따로 생각해야 할 것 같습니다.,true,false,false
P1,3d65081846cb46d5b26d75887ce6ead2,1187,S1,도입,D-2,본 시스템은 제조사가 다른 기존 현장 카메라와도 호환되어 카메라를 교체하지 않고 도입할 수 있다.,161,① 전혀 그렇지 않다 — ② 그렇지 않다 — ③ 보통이다 — ④ 그렇다 — ⑤ 매우 그렇다,true,needs_information,제조사가 다른 기존 카메라를 교체하지 않고 연결해 사용할 수 있는지를 묻는다.,다른 제조사 카메라 연결을 경험했다는 조건만 부여했다. 실제 교체 여부와 사용 결과를 제공하지 않았으므로 호환 성공을 가정하지 않는다.,scenario_information_gap,"[""scenario_assumptions""]","[""경험한 카메라의 제조사·연결 방식·교체 여부와 사용 결과""]",[],,,,제가 연결해 본 카메라를 기준으로 답해야겠네요. 교체했는지와 연결 결과는 이 시험에 없습니다.,false,false,true
P1,3d65081846cb46d5b26d75887ce6ead2,1187,S1,도입,D-3,본 시스템은 짧은 시간에 알림이 몰려도 같은 알림의 반복 발송을 제한하여 느려지거나 멈추지 않고 안정적으로 작동한다.,162,① 전혀 그렇지 않다 — ② 그렇지 않다 — ③ 보통이다 — ④ 그렇다 — ⑤ 매우 그렇다,true,ambiguous,알림이 몰릴 때 반복 발송이 제한되는지와 느려지거나 멈추지 않는지를 함께 묻는다.,알림 밀집 경험은 부여했으나 반복 발송 제한과 지연·정지를 한 평정에 묶는다. 두 관찰이 엇갈릴 때의 응답 기준은 경험 안내만으로 결정되지 않는다. 제어 안정성이라는 측정 취지는 유지해야 한다.,item_wording,"[""questionnaire.D-3"",""scenario_assumptions""]","[""알림 밀집 상황에서 관찰한 반복 발송·지연·정지"",""두 판단이 다를 때의 응답 기준""]","[""반복 발송을 제한하여"",""느려지거나 멈추지 않고""]",,,,반복 알림은 적었지만 화면은 느렸다면 어느 쪽을 기준으로 표시하나요?,true,false,false
P1,3d65081846cb46d5b26d75887ce6ead2,1187,S1,도입,D-4,본 시스템은 통신 상태가 좋지 않은 현장에서도 위험 여부를 가려내는 기능이 안정적으로 작동한다.,163,① 전혀 그렇지 않다 — ② 그렇지 않다 — ③ 보통이다 — ④ 그렇다 — ⑤ 매우 그렇다,true,ambiguous,통신이 나쁠 때에도 위험을 판별하는 기능이 유지되는지를 묻는다.,통신 불량 경험을 부여했더라도 알림이 안 온 것과 내부 위험 판별이 멈춘 것을 화면만으로 구별할 수 있는지는 별도이다. 특정 설계나 정상 성능은 추정하지 않는다.,item_wording,"[""questionnaire.D-4"",""scenario_assumptions""]","[""직접 관찰한 위험 판별 화면·운용 상태"",""응답자가 내부 기능과 전달 지연을 구별할 수 있는지""]","[""위험 여부를 가려내는 기능""]",,,,"연결이 나쁠 때 메시지가 늦은 건 알겠는데, 위험을 가려내는 기능까지 돌아갔는지는 어떻게 알죠?",true,false,false
P1,3d65081846cb46d5b26d75887ce6ead2,1187,S1,도입,D-5,본 시스템은 현장의 나무나 그림자 같은 배경을 사람이나 위험 요소로 잘못 알리는 일이 드물다.,164,① 전혀 그렇지 않다 — ② 그렇지 않다 — ③ 보통이다 — ④ 그렇다 — ⑤ 매우 그렇다,true,needs_information,나무·그림자 등 배경을 사람이나 위험으로 잘못 알린 경우가 드문지를 묻는다.,알림을 현장과 대조한 경험은 있지만 실제 배경 오탐 사례나 체감 빈도를 제시하지 않았다. 원본의 꼼꼼한 직무 서술을 낮은 오탐 빈도의 근거로 쓰지 않는다.,scenario_information_gap,"[""scenario_assumptions""]","[""확인한 알림 가운데 배경을 잘못 인식했다고 느낀 경험""]",[],,,,배경 때문에 잘못 온 알림을 떠올려 판단하는 질문입니다. 그 사례와 빈도는 아직 주어지지 않았습니다.,false,false,true
P1,3d65081846cb46d5b26d75887ce6ead2,1187,S1,도입,D-6,본 시스템은 촬영 장면 속 작업 상황의 맥락을 파악하여 정상 작업을 위험으로 잘못 알리는 일이 드물다.,165,① 전혀 그렇지 않다 — ② 그렇지 않다 — ③ 보통이다 — ④ 그렇다 — ⑤ 매우 그렇다,true,ambiguous,정상 작업을 위험으로 잘못 알리지 않는지와 시스템이 작업 맥락을 이해하는지를 함께 읽게 된다.,정상 작업을 잘못 알리는지는 경험으로 말할 수 있어도 내부적으로 맥락을 파악했는지는 직접 보기 어렵다. 제4장에는 원본 프레임 범위라는 설명이 있으나 설문 안내에는 그 범위가 없다.,item_wording,"[""questionnaire.D-6"",""scenario_assumptions""]","[""직접 대조한 정상 작업 알림 사례"",""촬영 장면·맥락을 응답자가 해석하는 범위""]","[""작업 상황의 맥락을 파악하여""]",,,,"정상 작업인데 알림이 왔는지는 말할 수 있지만, 시스템이 맥락을 이해했는지는 제가 알기 어렵습니다.",true,false,false
P1,3d65081846cb46d5b26d75887ce6ead2,1187,S1,도입,D-7,위험 상황이 발생하면 위험 요약과 이미지가 모바일 메신저로 신속하게 전달된다.,166,① 전혀 그렇지 않다 — ② 그렇지 않다 — ③ 보통이다 — ④ 그렇다 — ⑤ 매우 그렇다,true,needs_information,위험 요약과 이미지가 메신저로 빨리 도착했다고 느끼는지를 묻는다.,실제 알림 수신·확인 경험은 부여했지만 속도나 이해 용이성은 알려주지 않았다. 도입 또는 수신 사실이 긍정 평정의 근거가 되지는 않는다.,scenario_information_gap,"[""scenario_assumptions""]","[""요약·이미지 전달이 빨랐다고 느낀 수신 경험""]",[],,,,"알림은 확인해 보았다는 조건이지만, 빨랐는지 또는 이해하기 쉬웠는지는 아직 정해지지 않았습니다.",false,false,true
P1,3d65081846cb46d5b26d75887ce6ead2,1187,S1,도입,D-8,모바일 메신저로 받은 알림만으로도 현장 상황을 쉽게 파악할 수 있다.,167,① 전혀 그렇지 않다 — ② 그렇지 않다 — ③ 보통이다 — ④ 그렇다 — ⑤ 매우 그렇다,true,needs_information,메신저 알림의 내용만 보고도 현장 상황을 이해할 수 있는지를 묻는다.,실제 알림 수신·확인 경험은 부여했지만 속도나 이해 용이성은 알려주지 않았다. 도입 또는 수신 사실이 긍정 평정의 근거가 되지는 않는다.,scenario_information_gap,"[""scenario_assumptions""]","[""알림 내용을 보고 이해한 정도와 추가 확인 필요 경험""]",[],,,,"알림은 확인해 보았다는 조건이지만, 빨랐는지 또는 이해하기 쉬웠는지는 아직 정해지지 않았습니다.",false,false,true
P1,3d65081846cb46d5b26d75887ce6ead2,1187,S1,도입,E-1,본 시스템이 위험이 아닌 상황을 걸러 주어 잦은 알림 확인에 따른 스트레스가 줄었다.,176,① 전혀 그렇지 않다 — ② 그렇지 않다 — ③ 보통이다 — ④ 그렇다 — ⑤ 매우 그렇다,true,ambiguous,위험 아닌 상황을 거르는 기능 덕분에 알림 확인 스트레스가 이전보다 줄었는지를 묻는다.,알림 수신 경험은 있지만 비교할 이전 기간·이전 알림 체계·확인 습관이 제공되지 않았다. 현행 E 안내는 경험 유무를 다루지만 비교 기준을 고정하지 않는다. 회고적 완화 인식이라는 측정 취지는 삭제하지 않는다.,item_wording,"[""questionnaire.E-1"",""scenario_assumptions""]","[""비교할 도입 전 기간과 알림 체계"",""비교 가능한 이전 경험이 없는 경우의 처리""]","[""줄었다"",""비교 기준기간·이전 알림""]",,,,줄었다거나 늘었다고 하려면 언제의 어떤 알림과 비교하는지 먼저 알고 싶습니다.,true,false,false
P1,3d65081846cb46d5b26d75887ce6ead2,1187,S1,도입,E-2,불필요한 알림을 확인하는 시간이 줄어 핵심 업무에 더 집중하게 되었다.,177,① 전혀 그렇지 않다 — ② 그렇지 않다 — ③ 보통이다 — ④ 그렇다 — ⑤ 매우 그렇다,true,ambiguous,불필요한 알림 확인 시간이 줄고 업무 집중이 늘었다고 느끼는지를 묻는다.,알림 수신 경험은 있지만 비교할 이전 기간·이전 알림 체계·확인 습관이 제공되지 않았다. 현행 E 안내는 경험 유무를 다루지만 비교 기준을 고정하지 않는다. 회고적 완화 인식이라는 측정 취지는 삭제하지 않는다.,item_wording,"[""questionnaire.E-2"",""scenario_assumptions""]","[""비교할 도입 전 기간과 알림 체계"",""비교 가능한 이전 경험이 없는 경우의 처리""]","[""줄었다"",""비교 기준기간·이전 알림""]",,,,줄었다거나 늘었다고 하려면 언제의 어떤 알림과 비교하는지 먼저 알고 싶습니다.,true,false,false
P1,3d65081846cb46d5b26d75887ce6ead2,1187,S1,도입,E-3,알림이 오면 ‘또 잘못 온 알림’으로 여겨 무시하기보다 바로 확인하는 경우가 늘었다.,178,① 전혀 그렇지 않다 — ② 그렇지 않다 — ③ 보통이다 — ④ 그렇다 — ⑤ 매우 그렇다,true,ambiguous,잘못 온 알림이라 여겨 무시하는 대신 곧바로 확인하는 일이 이전보다 늘었는지를 묻는다.,알림 수신 경험은 있지만 비교할 이전 기간·이전 알림 체계·확인 습관이 제공되지 않았다. 현행 E 안내는 경험 유무를 다루지만 비교 기준을 고정하지 않는다. 회고적 완화 인식이라는 측정 취지는 삭제하지 않는다.,item_wording,"[""questionnaire.E-3"",""scenario_assumptions""]","[""비교할 도입 전 기간과 알림 체계"",""비교 가능한 이전 경험이 없는 경우의 처리""]","[""늘었다"",""비교 기준기간·이전 알림""]",,,,줄었다거나 늘었다고 하려면 언제의 어떤 알림과 비교하는지 먼저 알고 싶습니다.,true,false,false
P1,3d65081846cb46d5b26d75887ce6ead2,1187,S1,도입,E-4,본 시스템 도입 이후 알림으로 인한 피로감이 줄었다.,179,① 전혀 그렇지 않다 — ② 그렇지 않다 — ③ 보통이다 — ④ 그렇다 — ⑤ 매우 그렇다,true,ambiguous,도입 이후 알림 피로감이 도입 전보다 줄었다고 느끼는지를 묻는다.,알림 수신 경험은 있지만 비교할 이전 기간·이전 알림 체계·확인 습관이 제공되지 않았다. 현행 E 안내는 경험 유무를 다루지만 비교 기준을 고정하지 않는다. 회고적 완화 인식이라는 측정 취지는 삭제하지 않는다.,item_wording,"[""questionnaire.E-4"",""scenario_assumptions""]","[""비교할 도입 전 기간과 알림 체계"",""비교 가능한 이전 경험이 없는 경우의 처리""]","[""줄었다"",""비교 기준기간·이전 알림""]",,,,줄었다거나 늘었다고 하려면 언제의 어떤 알림과 비교하는지 먼저 알고 싶습니다.,true,false,false
P2,103c046d76154e7090fc2a4587d335f7,1213,S2,도입,A-1,귀하의 소속 구분은?,89,&emsp;&emsp;① 시공사 &emsp;&emsp;② 발주청(공사감독·감리원 포함),true,answerable,소속이 시공사 측인지 발주청·감리 측인지를 고르는 항목이다.,가상 소속은 발주청 측 감리업무를 맡은 감리기관로 명시했다. 원본 소속 사실로 확정한 것은 아니므로 번호 선택은 하지 않는다.,scenario_assumption,"[""scenario_assumptions""]",[],[],,,,이 시험에서는 발주청 측 감리업무를 맡은 감리기관 소속으로 읽겠습니다.,false,false,false
P2,103c046d76154e7090fc2a4587d335f7,1213,S2,도입,A-2,귀하의 성별은?,92,&emsp;&emsp;① 남성 &emsp;&emsp;② 여성,true,answerable,성별 보기에서 원본 필드에 해당하는 범주를 고른다.,원본 sex가 남자로 제공되어 있다. 이 정보는 다른 문항의 능력·태도 추정에 사용하지 않는다.,source_fact,"[""source_fields.sex""]",[],[],,1,source_fields.sex,원본에 적힌 성별은 남자입니다.,false,false,false
P2,103c046d76154e7090fc2a4587d335f7,1213,S2,도입,A-3,귀하의 연령대는?,95,&emsp;&emsp;① 20대 &emsp;&emsp;② 30대 &emsp;&emsp;③ 40대 &emsp;&emsp;④ 50대 &emsp;&emsp;⑤ 60대 이상,true,answerable,원본 나이가 속하는 연령 구간을 고른다.,원본 age=38를 현행 보기 구간에 대입한다. 숙련도나 기술 수용성을 나이로 추정하지 않는다.,source_fact,"[""source_fields.age""]",[],[],,2,source_fields.age,38세이므로 해당 연령 구간을 고르겠습니다.,false,false,false
P2,103c046d76154e7090fc2a4587d335f7,1213,S2,도입,A-4,귀하의 건설현장 근무 경력은? (안전관리·공사감독·시공관리 등 현장 업무 경력을 모두 합한 기간),98,"&emsp;&emsp;① 3년 미만 &emsp;&emsp;② 3년 이상∼5년 미만 &emsp;&emsp;③ 5년 이상∼10년 미만
&emsp;&emsp;④ 10년 이상∼20년 미만 &emsp;&emsp;⑤ 20년 이상",true,needs_information,안전관리·감독·시공관리 등 실제 현장 업무 기간을 합산하는 항목이다.,원본의 베테랑·수십 년 같은 서술만으로 정확한 누적 현장 경력은 정하지 않았다. 나이·졸업 시점에서 경력을 만들어내지 않는다.,scenario_information_gap,"[""scenario_assumptions""]","[""경력증명 또는 본인이 확인한 현장 업무 누적 기간""]",[],,,,"현장 경력을 합쳐 적는 뜻은 알지만, 제 이력의 정확한 기간은 이 자료에 없습니다.",false,false,true
P2,103c046d76154e7090fc2a4587d335f7,1213,S2,도입,A-5,현장에서 귀하가 맡고 있는 역할은?,102,&emsp;&emsp;① 공사감독 &emsp;&emsp;② 안전관리자 &emsp;&emsp;③ 현장소장 &emsp;&emsp;④ 기타(&emsp;&emsp;&emsp;&emsp;),true,ambiguous,현장 역할을 네 개 보기 가운데 분류하는 항목이다.,가상 역할은 전기 감리원이다. 관리감독자·감리원 이름이 보기에는 없어 공사감독에 포함할지 기타에 적을지 확인이 필요하다. 기타란은 있으므로 응답 자체가 불가능하지는 않다.,item_wording,"[""questionnaire.A-5"",""scenario_assumptions""]","[""조사자가 의도한 역할 범주 매핑""]","[""공사감독"",""기타""]",,,,저는 전기 감리원인데 공사감독을 고르는지 기타에 적는지 망설여집니다.,true,false,false
P2,103c046d76154e7090fc2a4587d335f7,1213,S2,도입,A-6,현재 담당 현장의 공사금액 규모는? **[확정 필요: 공사금액 구간 기준]**,105,"&emsp;&emsp;① 20억 원 미만 &emsp;&emsp;② 20억 원 이상∼50억 원 미만 &emsp;&emsp;③ 50억 원 이상∼100억 원 미만
&emsp;&emsp;④ 100억 원 이상∼120억 원 미만 &emsp;&emsp;⑤ 120억 원 이상",true,needs_information,현재 맡은 현장의 공사금액을 보기 구간에 맞춰 고르는 항목이다.,가상 현장의 공사금액을 제공하지 않았으므로 선택할 수 없다. 원문의 구간 기준 확정 필요 표시도 그대로 보존했다. 정보 미제공은 새로운 문항 결함이 아니다.,scenario_information_gap,"[""scenario_assumptions""]","[""담당 현장 공사금액"",""원문에 남은 공사금액 구간 기준 확정""]",[],,,,"공사금액이 주어지면 구간을 고를 수 있지만, 이 시험에는 금액이 없습니다.",false,false,true
P2,103c046d76154e7090fc2a4587d335f7,1213,S2,도입,B-1,우리 현장에서는 위험 상황을 조기에 인지한다.,118,① 전혀 그렇지 않다 — ② 그렇지 않다 — ③ 보통이다 — ④ 그렇다 — ⑤ 매우 그렇다,true,needs_information,위험이 커지거나 사고로 이어지기 전에 알아채는지를 묻는다.,해당 현장의 수행 경험·수준이 시나리오에 없어서 평정하지 않았다. 도입 여부만으로 수행 수준을 높거나 낮다고 정하지 않는다.,scenario_information_gap,"[""scenario_assumptions""]","[""담당 현장에서 위험을 발견한 상황과 발견 시점에 대한 기억""]",[],,,,"전기 감리원으로 경험한 현장의 일을 떠올리는 질문인데, 실제 수행 수준은 여기 주어지지 않았습니다.",false,false,true
P2,103c046d76154e7090fc2a4587d335f7,1213,S2,도입,B-2,우리 현장에서는 위험 상황을 인지하면 초동 대응을 빠르게 지시한다.,119,① 전혀 그렇지 않다 — ② 그렇지 않다 — ③ 보통이다 — ④ 그렇다 — ⑤ 매우 그렇다,true,needs_information,위험을 알아챈 다음 초기 대응 지시가 늦지 않는지를 묻는다.,해당 현장의 수행 경험·수준이 시나리오에 없어서 평정하지 않았다. 도입 여부만으로 수행 수준을 높거나 낮다고 정하지 않는다.,scenario_information_gap,"[""scenario_assumptions""]","[""위험 인지 후 초동 대응을 지시했던 경험""]",[],,,,"전기 감리원으로 경험한 현장의 일을 떠올리는 질문인데, 실제 수행 수준은 여기 주어지지 않았습니다.",false,false,true
P2,103c046d76154e7090fc2a4587d335f7,1213,S2,도입,B-3,우리 현장에서는 안전관리 담당자가 현장 밖에서도 위험 상황을 신속하게 파악한다.,120,① 전혀 그렇지 않다 — ② 그렇지 않다 — ③ 보통이다 — ④ 그렇다 — ⑤ 매우 그렇다,true,needs_information,안전관리 업무를 맡은 사람이 현장 밖에 있을 때도 위험 소식을 빨리 파악하는지를 묻는다.,해당 현장의 수행 경험·수준이 시나리오에 없어서 평정하지 않았다. 기존 안내가 전담 안전관리자뿐 아니라 안전관리 업무 담당자를 포함한다. 문항에는 CCTV라는 제한이 없다.,scenario_information_gap,"[""scenario_assumptions""]","[""현장 밖 안전관리 담당자에게 전화·보고·영상 등으로 위험을 알린 경험""]",[],,,,담당자가 밖에 있을 때도 알게 되는지를 묻는군요. 전화·보고·알림을 모두 떠올릴 수 있습니다.,false,false,true
P2,103c046d76154e7090fc2a4587d335f7,1213,S2,도입,B-4,우리 현장에서는 멀리 떨어진 곳에서도 위험 정보와 조치 필요사항을 원활하게 공유한다.,121,① 전혀 그렇지 않다 — ② 그렇지 않다 — ③ 보통이다 — ④ 그렇다 — ⑤ 매우 그렇다,true,needs_information,서로 떨어져 있는 사람에게 위험 내용과 해야 할 조치를 전달하는지를 묻는다.,해당 현장의 수행 경험·수준이 시나리오에 없어서 평정하지 않았다. 도입 여부만으로 수행 수준을 높거나 낮다고 정하지 않는다.,scenario_information_gap,"[""scenario_assumptions""]","[""거리나 위치가 다른 사람들 사이의 위험 정보·조치 전달 경험""]",[],,,,"전기 감리원으로 경험한 현장의 일을 떠올리는 질문인데, 실제 수행 수준은 여기 주어지지 않았습니다.",false,false,true
P2,103c046d76154e7090fc2a4587d335f7,1213,S2,도입,B-5,우리 현장에서는 제한된 인력으로도 현장 순찰과 위험 확인 업무를 효율적으로 수행한다.,122,① 전혀 그렇지 않다 — ② 그렇지 않다 — ③ 보통이다 — ④ 그렇다 — ⑤ 매우 그렇다,true,needs_information,현재 인원으로 순찰과 위험 확인 업무를 얼마나 원활히 수행하는지를 묻는다.,해당 현장의 수행 경험·수준이 시나리오에 없어서 평정하지 않았다. 도입 여부만으로 수행 수준을 높거나 낮다고 정하지 않는다.,scenario_information_gap,"[""scenario_assumptions""]","[""현재 순찰 인력, 업무량과 순찰·위험 확인의 체감 수행 수준""]",[],,,,"전기 감리원으로 경험한 현장의 일을 떠올리는 질문인데, 실제 수행 수준은 여기 주어지지 않았습니다.",false,false,true
P2,103c046d76154e7090fc2a4587d335f7,1213,S2,도입,B-6,우리 현장에서는 불필요한 확인 업무에 쫓기지 않고 실제 위험 대응에 집중한다.,123,① 전혀 그렇지 않다 — ② 그렇지 않다 — ③ 보통이다 — ④ 그렇다 — ⑤ 매우 그렇다,true,needs_information,중복되거나 불필요하다고 느끼는 확인 때문에 실제 위험 대응을 놓치는지를 묻는다.,해당 현장의 수행 경험·수준이 시나리오에 없어서 평정하지 않았다. 도입 여부만으로 수행 수준을 높거나 낮다고 정하지 않는다.,scenario_information_gap,"[""scenario_assumptions""]","[""중복 확인과 실제 위험 대응에 시간을 썼던 경험""]",[],,,,"전기 감리원으로 경험한 현장의 일을 떠올리는 질문인데, 실제 수행 수준은 여기 주어지지 않았습니다.",false,false,true
P2,103c046d76154e7090fc2a4587d335f7,1213,S2,도입,B-7,우리 현장에서는 필요한 경우 시정·작업중지 등 통제 조치를 신속하게 시행한다.,124,① 전혀 그렇지 않다 — ② 그렇지 않다 — ③ 보통이다 — ④ 그렇다 — ⑤ 매우 그렇다,true,needs_information,시정이나 작업중지가 필요한 상황에서 실제 조치를 빨리 하는지를 묻는다.,해당 현장의 수행 경험·수준이 시나리오에 없어서 평정하지 않았다. 도입 여부만으로 수행 수준을 높거나 낮다고 정하지 않는다.,scenario_information_gap,"[""scenario_assumptions""]","[""시정·작업중지가 필요했던 사건과 실제 조치 경험""]",[],,,,"전기 감리원으로 경험한 현장의 일을 떠올리는 질문인데, 실제 수행 수준은 여기 주어지지 않았습니다.",false,false,true
P2,103c046d76154e7090fc2a4587d335f7,1213,S2,도입,B-8,우리 현장에서는 사고로 이어질 수 있는 위험요인을 실질적으로 통제한다.,125,① 전혀 그렇지 않다 — ② 그렇지 않다 — ③ 보통이다 — ④ 그렇다 — ⑤ 매우 그렇다,true,needs_information,위험요인이 사고로 이어지지 않도록 실제로 통제하는 정도를 묻는다.,해당 현장의 수행 경험·수준이 시나리오에 없어서 평정하지 않았다. 도입 여부만으로 수행 수준을 높거나 낮다고 정하지 않는다.,scenario_information_gap,"[""scenario_assumptions""]","[""위험요인 통제 조치가 현장에서 이행되었다고 느낀 근거""]",[],,,,"전기 감리원으로 경험한 현장의 일을 떠올리는 질문인데, 실제 수행 수준은 여기 주어지지 않았습니다.",false,false,true
P2,103c046d76154e7090fc2a4587d335f7,1213,S2,도입,C-1,우리 현장은 고가의 스마트 안전장비를 도입하기에는 예산이 부족하다.,134,① 전혀 그렇지 않다 — ② 그렇지 않다 — ③ 보통이다 — ④ 그렇다 — ⑤ 매우 그렇다,true,ambiguous,비싸다고 생각하는 스마트 안전장비를 살 만큼 현장 예산이 있는지를 묻는다.,고가가 어느 장비·가격대인지 기준이 없다. 같은 현장 예산이라도 서로 다른 장비를 떠올릴 가능성을 확인할 필요가 있다. 예산액 미제공은 별개이다.,item_wording,"[""questionnaire.C-1"",""scenario_assumptions""]","[""응답자가 떠올리는 장비와 비용 범위"",""현장의 예산 여건에 대한 인식""]","[""고가""]",,,,제가 떠올리는 고가 장비와 다른 분이 떠올리는 장비가 같을까요?,true,false,false
P2,103c046d76154e7090fc2a4587d335f7,1213,S2,도입,C-2,우리 현장은 스마트 안전장비나 관제 시스템 도입에 쓸 안전관리 예산이 부족하게 편성되어 있다.,135,① 전혀 그렇지 않다 — ② 그렇지 않다 — ③ 보통이다 — ④ 그렇다 — ⑤ 매우 그렇다,true,needs_information,장비나 관제 시스템에 사용할 안전관리 예산이 충분히 배정되었는지를 묻는다.,"가상 지식범위에서 예산 편성·집행액과 지원 결정을 모른다고 설정했다. 현실의 같은 직무에서도 답하기 어려운지는 실제 면담으로 확인해야 하며, 확인된 결함으로 단정하지 않는다.",respondent_knowledge_scope,"[""scenario_assumptions.budget_knowledge_scope"",""questionnaire.C-2""]","[""예산 편성 내역과 장비 도입 여건"",""응답자가 실제로 접근하는 예산 정보 범위""]",[],,,,저는 전기 감리원 업무를 맡지만 예산 편성이나 별도 지원 결정까지는 모릅니다.,false,true,false
P2,103c046d76154e7090fc2a4587d335f7,1213,S2,도입,C-3,우리 현장은 산업안전보건관리비 계상 기준만으로는 스마트 안전장비나 관제 시스템을 도입하기 어렵다.,136,① 전혀 그렇지 않다 — ② 그렇지 않다 — ③ 보통이다 — ④ 그렇다 — ⑤ 매우 그렇다,true,ambiguous,산업안전보건관리비의 계상 기준만으로 장비 도입에 필요한 여건이 갖춰지는지를 묻는다.,"계상 기준만으로는이라는 표현이 확보되는 금액의 부족을 뜻하는지, 지출 가능 범위 같은 제도 제약을 뜻하는지 나뉠 수 있다. 법령 내용이나 현장 적용 결과를 이 시험에서 판단하지 않는다.",item_wording,"[""questionnaire.C-3"",""scenario_assumptions""]","[""측정하려는 제약의 범위"",""실제 응답자가 계상 기준을 이해하는 방식""]","[""산업안전보건관리비 계상 기준만으로는""]",,,,"관리비가 모자란다는 뜻인지, 그 돈으로 해당 장비를 살 수 없다는 뜻인지 먼저 확인하고 싶습니다.",true,false,false
P2,103c046d76154e7090fc2a4587d335f7,1213,S2,도입,C-4,우리 현장은 소속 기관인 본사나 발주청으로부터 스마트 안전장비나 관제 시스템 도입 예산을 별도로 지원받기 어렵다.,137,① 전혀 그렇지 않다 — ② 그렇지 않다 — ③ 보통이다 — ④ 그렇다 — ⑤ 매우 그렇다,true,needs_information,현장 자체 예산 외에 본사나 발주청의 추가 지원을 받기 어려운지를 묻는다.,"가상 지식범위에서 예산 편성·집행액과 지원 결정을 모른다고 설정했다. 현실의 같은 직무에서도 답하기 어려운지는 실제 면담으로 확인해야 하며, 확인된 결함으로 단정하지 않는다.",respondent_knowledge_scope,"[""scenario_assumptions.budget_knowledge_scope"",""questionnaire.C-4""]","[""본사·발주청 지원 절차와 지원 경험"",""응답자가 실제로 접근하는 예산 정보 범위""]",[],,,,저는 전기 감리원 업무를 맡지만 예산 편성이나 별도 지원 결정까지는 모릅니다.,false,true,false
P2,103c046d76154e7090fc2a4587d335f7,1213,S2,도입,D-1,본 시스템은 일반 사무용 PC로 구동되어 고가 AI 서버 등 별도 장비에 대한 투자 부담이 적다.,160,① 전혀 그렇지 않다 — ② 그렇지 않다 — ③ 보통이다 — ④ 그렇다 — ⑤ 매우 그렇다,true,not_applicable,사무용 PC로 운영할 수 있다는 점과 별도 장비 투자 부담이 작은지를 함께 묻는다.,시험 조건에서 장비 구성 경험이 없다. 현행 D·E 안내가 경험 없는 문항의 비해당을 이미 허용하므로 안내대로 처리한다.,existing_instruction,"[""scenario_assumptions.experience.equipment_configuration"",""questionnaire.instructions.D""]",[],[],문항 옆에 비해당 표기; 0점·불성실 응답으로 보지 않음; 공통부 응답 유지,,,장비 구성을 경험하지 않았으므로 안내대로 비해당이라고 적겠습니다.,false,false,false
P2,103c046d76154e7090fc2a4587d335f7,1213,S2,도입,D-2,본 시스템은 제조사가 다른 기존 현장 카메라와도 호환되어 카메라를 교체하지 않고 도입할 수 있다.,161,① 전혀 그렇지 않다 — ② 그렇지 않다 — ③ 보통이다 — ④ 그렇다 — ⑤ 매우 그렇다,true,not_applicable,제조사가 다른 기존 카메라를 교체하지 않고 연결해 사용할 수 있는지를 묻는다.,시험 조건에서 다른 제조사 카메라 연결 경험이 없다. 현행 D·E 안내가 경험 없는 문항의 비해당을 이미 허용하므로 안내대로 처리한다.,existing_instruction,"[""scenario_assumptions.experience.different_manufacturer_camera_integration"",""questionnaire.instructions.D""]",[],[],문항 옆에 비해당 표기; 0점·불성실 응답으로 보지 않음; 공통부 응답 유지,,,다른 제조사 카메라 연결을 경험하지 않았으므로 안내대로 비해당이라고 적겠습니다.,false,false,false
P2,103c046d76154e7090fc2a4587d335f7,1213,S2,도입,D-3,본 시스템은 짧은 시간에 알림이 몰려도 같은 알림의 반복 발송을 제한하여 느려지거나 멈추지 않고 안정적으로 작동한다.,162,① 전혀 그렇지 않다 — ② 그렇지 않다 — ③ 보통이다 — ④ 그렇다 — ⑤ 매우 그렇다,true,not_applicable,알림이 몰릴 때 반복 발송이 제한되는지와 느려지거나 멈추지 않는지를 함께 묻는다.,시험 조건에서 알림이 짧은 시간에 몰린 상황 경험이 없다. 현행 D·E 안내가 경험 없는 문항의 비해당을 이미 허용하므로 안내대로 처리한다.,existing_instruction,"[""scenario_assumptions.experience.dense_alerts"",""questionnaire.instructions.D""]",[],[],문항 옆에 비해당 표기; 0점·불성실 응답으로 보지 않음; 공통부 응답 유지,,,알림이 짧은 시간에 몰린 상황을 경험하지 않았으므로 안내대로 비해당이라고 적겠습니다.,false,false,false
P2,103c046d76154e7090fc2a4587d335f7,1213,S2,도입,D-4,본 시스템은 통신 상태가 좋지 않은 현장에서도 위험 여부를 가려내는 기능이 안정적으로 작동한다.,163,① 전혀 그렇지 않다 — ② 그렇지 않다 — ③ 보통이다 — ④ 그렇다 — ⑤ 매우 그렇다,true,not_applicable,통신이 나쁠 때에도 위험을 판별하는 기능이 유지되는지를 묻는다.,시험 조건에서 통신 상태가 나쁜 상황 경험이 없다. 현행 D·E 안내가 경험 없는 문항의 비해당을 이미 허용하므로 안내대로 처리한다.,existing_instruction,"[""scenario_assumptions.experience.poor_network"",""questionnaire.instructions.D""]",[],[],문항 옆에 비해당 표기; 0점·불성실 응답으로 보지 않음; 공통부 응답 유지,,,통신 상태가 나쁜 상황을 경험하지 않았으므로 안내대로 비해당이라고 적겠습니다.,false,false,false
P2,103c046d76154e7090fc2a4587d335f7,1213,S2,도입,D-5,본 시스템은 현장의 나무나 그림자 같은 배경을 사람이나 위험 요소로 잘못 알리는 일이 드물다.,164,① 전혀 그렇지 않다 — ② 그렇지 않다 — ③ 보통이다 — ④ 그렇다 — ⑤ 매우 그렇다,true,needs_information,나무·그림자 등 배경을 사람이나 위험으로 잘못 알린 경우가 드문지를 묻는다.,알림을 현장과 대조한 경험은 있지만 실제 배경 오탐 사례나 체감 빈도를 제시하지 않았다. 원본의 꼼꼼한 직무 서술을 낮은 오탐 빈도의 근거로 쓰지 않는다.,scenario_information_gap,"[""scenario_assumptions""]","[""확인한 알림 가운데 배경을 잘못 인식했다고 느낀 경험""]",[],,,,배경 때문에 잘못 온 알림을 떠올려 판단하는 질문입니다. 그 사례와 빈도는 아직 주어지지 않았습니다.,false,false,true
P2,103c046d76154e7090fc2a4587d335f7,1213,S2,도입,D-6,본 시스템은 촬영 장면 속 작업 상황의 맥락을 파악하여 정상 작업을 위험으로 잘못 알리는 일이 드물다.,165,① 전혀 그렇지 않다 — ② 그렇지 않다 — ③ 보통이다 — ④ 그렇다 — ⑤ 매우 그렇다,true,ambiguous,정상 작업을 위험으로 잘못 알리지 않는지와 시스템이 작업 맥락을 이해하는지를 함께 읽게 된다.,정상 작업을 잘못 알리는지는 경험으로 말할 수 있어도 내부적으로 맥락을 파악했는지는 직접 보기 어렵다. 제4장에는 원본 프레임 범위라는 설명이 있으나 설문 안내에는 그 범위가 없다.,item_wording,"[""questionnaire.D-6"",""scenario_assumptions""]","[""직접 대조한 정상 작업 알림 사례"",""촬영 장면·맥락을 응답자가 해석하는 범위""]","[""작업 상황의 맥락을 파악하여""]",,,,"정상 작업인데 알림이 왔는지는 말할 수 있지만, 시스템이 맥락을 이해했는지는 제가 알기 어렵습니다.",true,false,false
P2,103c046d76154e7090fc2a4587d335f7,1213,S2,도입,D-7,위험 상황이 발생하면 위험 요약과 이미지가 모바일 메신저로 신속하게 전달된다.,166,① 전혀 그렇지 않다 — ② 그렇지 않다 — ③ 보통이다 — ④ 그렇다 — ⑤ 매우 그렇다,true,needs_information,위험 요약과 이미지가 메신저로 빨리 도착했다고 느끼는지를 묻는다.,실제 알림 수신·확인 경험은 부여했지만 속도나 이해 용이성은 알려주지 않았다. 도입 또는 수신 사실이 긍정 평정의 근거가 되지는 않는다.,scenario_information_gap,"[""scenario_assumptions""]","[""요약·이미지 전달이 빨랐다고 느낀 수신 경험""]",[],,,,"알림은 확인해 보았다는 조건이지만, 빨랐는지 또는 이해하기 쉬웠는지는 아직 정해지지 않았습니다.",false,false,true
P2,103c046d76154e7090fc2a4587d335f7,1213,S2,도입,D-8,모바일 메신저로 받은 알림만으로도 현장 상황을 쉽게 파악할 수 있다.,167,① 전혀 그렇지 않다 — ② 그렇지 않다 — ③ 보통이다 — ④ 그렇다 — ⑤ 매우 그렇다,true,needs_information,메신저 알림의 내용만 보고도 현장 상황을 이해할 수 있는지를 묻는다.,실제 알림 수신·확인 경험은 부여했지만 속도나 이해 용이성은 알려주지 않았다. 도입 또는 수신 사실이 긍정 평정의 근거가 되지는 않는다.,scenario_information_gap,"[""scenario_assumptions""]","[""알림 내용을 보고 이해한 정도와 추가 확인 필요 경험""]",[],,,,"알림은 확인해 보았다는 조건이지만, 빨랐는지 또는 이해하기 쉬웠는지는 아직 정해지지 않았습니다.",false,false,true
P2,103c046d76154e7090fc2a4587d335f7,1213,S2,도입,E-1,본 시스템이 위험이 아닌 상황을 걸러 주어 잦은 알림 확인에 따른 스트레스가 줄었다.,176,① 전혀 그렇지 않다 — ② 그렇지 않다 — ③ 보통이다 — ④ 그렇다 — ⑤ 매우 그렇다,true,ambiguous,위험 아닌 상황을 거르는 기능 덕분에 알림 확인 스트레스가 이전보다 줄었는지를 묻는다.,알림 수신 경험은 있지만 비교할 이전 기간·이전 알림 체계·확인 습관이 제공되지 않았다. 현행 E 안내는 경험 유무를 다루지만 비교 기준을 고정하지 않는다. 회고적 완화 인식이라는 측정 취지는 삭제하지 않는다.,item_wording,"[""questionnaire.E-1"",""scenario_assumptions""]","[""비교할 도입 전 기간과 알림 체계"",""비교 가능한 이전 경험이 없는 경우의 처리""]","[""줄었다"",""비교 기준기간·이전 알림""]",,,,줄었다거나 늘었다고 하려면 언제의 어떤 알림과 비교하는지 먼저 알고 싶습니다.,true,false,false
P2,103c046d76154e7090fc2a4587d335f7,1213,S2,도입,E-2,불필요한 알림을 확인하는 시간이 줄어 핵심 업무에 더 집중하게 되었다.,177,① 전혀 그렇지 않다 — ② 그렇지 않다 — ③ 보통이다 — ④ 그렇다 — ⑤ 매우 그렇다,true,ambiguous,불필요한 알림 확인 시간이 줄고 업무 집중이 늘었다고 느끼는지를 묻는다.,알림 수신 경험은 있지만 비교할 이전 기간·이전 알림 체계·확인 습관이 제공되지 않았다. 현행 E 안내는 경험 유무를 다루지만 비교 기준을 고정하지 않는다. 회고적 완화 인식이라는 측정 취지는 삭제하지 않는다.,item_wording,"[""questionnaire.E-2"",""scenario_assumptions""]","[""비교할 도입 전 기간과 알림 체계"",""비교 가능한 이전 경험이 없는 경우의 처리""]","[""줄었다"",""비교 기준기간·이전 알림""]",,,,줄었다거나 늘었다고 하려면 언제의 어떤 알림과 비교하는지 먼저 알고 싶습니다.,true,false,false
P2,103c046d76154e7090fc2a4587d335f7,1213,S2,도입,E-3,알림이 오면 ‘또 잘못 온 알림’으로 여겨 무시하기보다 바로 확인하는 경우가 늘었다.,178,① 전혀 그렇지 않다 — ② 그렇지 않다 — ③ 보통이다 — ④ 그렇다 — ⑤ 매우 그렇다,true,ambiguous,잘못 온 알림이라 여겨 무시하는 대신 곧바로 확인하는 일이 이전보다 늘었는지를 묻는다.,알림 수신 경험은 있지만 비교할 이전 기간·이전 알림 체계·확인 습관이 제공되지 않았다. 현행 E 안내는 경험 유무를 다루지만 비교 기준을 고정하지 않는다. 회고적 완화 인식이라는 측정 취지는 삭제하지 않는다.,item_wording,"[""questionnaire.E-3"",""scenario_assumptions""]","[""비교할 도입 전 기간과 알림 체계"",""비교 가능한 이전 경험이 없는 경우의 처리""]","[""늘었다"",""비교 기준기간·이전 알림""]",,,,줄었다거나 늘었다고 하려면 언제의 어떤 알림과 비교하는지 먼저 알고 싶습니다.,true,false,false
P2,103c046d76154e7090fc2a4587d335f7,1213,S2,도입,E-4,본 시스템 도입 이후 알림으로 인한 피로감이 줄었다.,179,① 전혀 그렇지 않다 — ② 그렇지 않다 — ③ 보통이다 — ④ 그렇다 — ⑤ 매우 그렇다,true,ambiguous,도입 이후 알림 피로감이 도입 전보다 줄었다고 느끼는지를 묻는다.,알림 수신 경험은 있지만 비교할 이전 기간·이전 알림 체계·확인 습관이 제공되지 않았다. 현행 E 안내는 경험 유무를 다루지만 비교 기준을 고정하지 않는다. 회고적 완화 인식이라는 측정 취지는 삭제하지 않는다.,item_wording,"[""questionnaire.E-4"",""scenario_assumptions""]","[""비교할 도입 전 기간과 알림 체계"",""비교 가능한 이전 경험이 없는 경우의 처리""]","[""줄었다"",""비교 기준기간·이전 알림""]",,,,줄었다거나 늘었다고 하려면 언제의 어떤 알림과 비교하는지 먼저 알고 싶습니다.,true,false,false
P3,c38363ea2ac540aa910b9b4e6354d3f2,1281,S3,도입,A-1,귀하의 소속 구분은?,89,&emsp;&emsp;① 시공사 &emsp;&emsp;② 발주청(공사감독·감리원 포함),true,answerable,소속이 시공사 측인지 발주청·감리 측인지를 고르는 항목이다.,가상 소속은 시공사로 명시했다. 원본 소속 사실로 확정한 것은 아니므로 번호 선택은 하지 않는다.,scenario_assumption,"[""scenario_assumptions""]",[],[],,,,이 시험에서는 시공사 소속으로 읽겠습니다.,false,false,false
P3,c38363ea2ac540aa910b9b4e6354d3f2,1281,S3,도입,A-2,귀하의 성별은?,92,&emsp;&emsp;① 남성 &emsp;&emsp;② 여성,true,answerable,성별 보기에서 원본 필드에 해당하는 범주를 고른다.,원본 sex가 남자로 제공되어 있다. 이 정보는 다른 문항의 능력·태도 추정에 사용하지 않는다.,source_fact,"[""source_fields.sex""]",[],[],,1,source_fields.sex,원본에 적힌 성별은 남자입니다.,false,false,false
P3,c38363ea2ac540aa910b9b4e6354d3f2,1281,S3,도입,A-3,귀하의 연령대는?,95,&emsp;&emsp;① 20대 &emsp;&emsp;② 30대 &emsp;&emsp;③ 40대 &emsp;&emsp;④ 50대 &emsp;&emsp;⑤ 60대 이상,true,answerable,원본 나이가 속하는 연령 구간을 고른다.,원본 age=60를 현행 보기 구간에 대입한다. 숙련도나 기술 수용성을 나이로 추정하지 않는다.,source_fact,"[""source_fields.age""]",[],[],,5,source_fields.age,60세이므로 해당 연령 구간을 고르겠습니다.,false,false,false
P3,c38363ea2ac540aa910b9b4e6354d3f2,1281,S3,도입,A-4,귀하의 건설현장 근무 경력은? (안전관리·공사감독·시공관리 등 현장 업무 경력을 모두 합한 기간),98,"&emsp;&emsp;① 3년 미만 &emsp;&emsp;② 3년 이상∼5년 미만 &emsp;&emsp;③ 5년 이상∼10년 미만
&emsp;&emsp;④ 10년 이상∼20년 미만 &emsp;&emsp;⑤ 20년 이상",true,needs_information,안전관리·감독·시공관리 등 실제 현장 업무 기간을 합산하는 항목이다.,원본의 베테랑·수십 년 같은 서술만으로 정확한 누적 현장 경력은 정하지 않았다. 나이·졸업 시점에서 경력을 만들어내지 않는다.,scenario_information_gap,"[""scenario_assumptions""]","[""경력증명 또는 본인이 확인한 현장 업무 누적 기간""]",[],,,,"현장 경력을 합쳐 적는 뜻은 알지만, 제 이력의 정확한 기간은 이 자료에 없습니다.",false,false,true
P3,c38363ea2ac540aa910b9b4e6354d3f2,1281,S3,도입,A-5,현장에서 귀하가 맡고 있는 역할은?,102,&emsp;&emsp;① 공사감독 &emsp;&emsp;② 안전관리자 &emsp;&emsp;③ 현장소장 &emsp;&emsp;④ 기타(&emsp;&emsp;&emsp;&emsp;),true,ambiguous,현장 역할을 네 개 보기 가운데 분류하는 항목이다.,가상 역할은 현장 관리감독자(토목 공정·계약 조정)이다. 관리감독자·감리원 이름이 보기에는 없어 공사감독에 포함할지 기타에 적을지 확인이 필요하다. 기타란은 있으므로 응답 자체가 불가능하지는 않다.,item_wording,"[""questionnaire.A-5"",""scenario_assumptions""]","[""조사자가 의도한 역할 범주 매핑""]","[""공사감독"",""기타""]",,,,저는 현장 관리감독자(토목 공정·계약 조정)인데 공사감독을 고르는지 기타에 적는지 망설여집니다.,true,false,false
P3,c38363ea2ac540aa910b9b4e6354d3f2,1281,S3,도입,A-6,현재 담당 현장의 공사금액 규모는? **[확정 필요: 공사금액 구간 기준]**,105,"&emsp;&emsp;① 20억 원 미만 &emsp;&emsp;② 20억 원 이상∼50억 원 미만 &emsp;&emsp;③ 50억 원 이상∼100억 원 미만
&emsp;&emsp;④ 100억 원 이상∼120억 원 미만 &emsp;&emsp;⑤ 120억 원 이상",true,needs_information,현재 맡은 현장의 공사금액을 보기 구간에 맞춰 고르는 항목이다.,가상 현장의 공사금액을 제공하지 않았으므로 선택할 수 없다. 원문의 구간 기준 확정 필요 표시도 그대로 보존했다. 정보 미제공은 새로운 문항 결함이 아니다.,scenario_information_gap,"[""scenario_assumptions""]","[""담당 현장 공사금액"",""원문에 남은 공사금액 구간 기준 확정""]",[],,,,"공사금액이 주어지면 구간을 고를 수 있지만, 이 시험에는 금액이 없습니다.",false,false,true
P3,c38363ea2ac540aa910b9b4e6354d3f2,1281,S3,도입,B-1,우리 현장에서는 위험 상황을 조기에 인지한다.,118,① 전혀 그렇지 않다 — ② 그렇지 않다 — ③ 보통이다 — ④ 그렇다 — ⑤ 매우 그렇다,true,needs_information,위험이 커지거나 사고로 이어지기 전에 알아채는지를 묻는다.,해당 현장의 수행 경험·수준이 시나리오에 없어서 평정하지 않았다. 도입 여부만으로 수행 수준을 높거나 낮다고 정하지 않는다.,scenario_information_gap,"[""scenario_assumptions""]","[""담당 현장에서 위험을 발견한 상황과 발견 시점에 대한 기억""]",[],,,,"현장 관리감독자(토목 공정·계약 조정)으로 경험한 현장의 일을 떠올리는 질문인데, 실제 수행 수준은 여기 주어지지 않았습니다.",false,false,true
P3,c38363ea2ac540aa910b9b4e6354d3f2,1281,S3,도입,B-2,우리 현장에서는 위험 상황을 인지하면 초동 대응을 빠르게 지시한다.,119,① 전혀 그렇지 않다 — ② 그렇지 않다 — ③ 보통이다 — ④ 그렇다 — ⑤ 매우 그렇다,true,needs_information,위험을 알아챈 다음 초기 대응 지시가 늦지 않는지를 묻는다.,해당 현장의 수행 경험·수준이 시나리오에 없어서 평정하지 않았다. 도입 여부만으로 수행 수준을 높거나 낮다고 정하지 않는다.,scenario_information_gap,"[""scenario_assumptions""]","[""위험 인지 후 초동 대응을 지시했던 경험""]",[],,,,"현장 관리감독자(토목 공정·계약 조정)으로 경험한 현장의 일을 떠올리는 질문인데, 실제 수행 수준은 여기 주어지지 않았습니다.",false,false,true
P3,c38363ea2ac540aa910b9b4e6354d3f2,1281,S3,도입,B-3,우리 현장에서는 안전관리 담당자가 현장 밖에서도 위험 상황을 신속하게 파악한다.,120,① 전혀 그렇지 않다 — ② 그렇지 않다 — ③ 보통이다 — ④ 그렇다 — ⑤ 매우 그렇다,true,needs_information,안전관리 업무를 맡은 사람이 현장 밖에 있을 때도 위험 소식을 빨리 파악하는지를 묻는다.,해당 현장의 수행 경험·수준이 시나리오에 없어서 평정하지 않았다. 기존 안내가 전담 안전관리자뿐 아니라 안전관리 업무 담당자를 포함한다. 문항에는 CCTV라는 제한이 없다.,scenario_information_gap,"[""scenario_assumptions""]","[""현장 밖 안전관리 담당자에게 전화·보고·영상 등으로 위험을 알린 경험""]",[],,,,담당자가 밖에 있을 때도 알게 되는지를 묻는군요. 전화·보고·알림을 모두 떠올릴 수 있습니다.,false,false,true
P3,c38363ea2ac540aa910b9b4e6354d3f2,1281,S3,도입,B-4,우리 현장에서는 멀리 떨어진 곳에서도 위험 정보와 조치 필요사항을 원활하게 공유한다.,121,① 전혀 그렇지 않다 — ② 그렇지 않다 — ③ 보통이다 — ④ 그렇다 — ⑤ 매우 그렇다,true,needs_information,서로 떨어져 있는 사람에게 위험 내용과 해야 할 조치를 전달하는지를 묻는다.,해당 현장의 수행 경험·수준이 시나리오에 없어서 평정하지 않았다. 도입 여부만으로 수행 수준을 높거나 낮다고 정하지 않는다.,scenario_information_gap,"[""scenario_assumptions""]","[""거리나 위치가 다른 사람들 사이의 위험 정보·조치 전달 경험""]",[],,,,"현장 관리감독자(토목 공정·계약 조정)으로 경험한 현장의 일을 떠올리는 질문인데, 실제 수행 수준은 여기 주어지지 않았습니다.",false,false,true
P3,c38363ea2ac540aa910b9b4e6354d3f2,1281,S3,도입,B-5,우리 현장에서는 제한된 인력으로도 현장 순찰과 위험 확인 업무를 효율적으로 수행한다.,122,① 전혀 그렇지 않다 — ② 그렇지 않다 — ③ 보통이다 — ④ 그렇다 — ⑤ 매우 그렇다,true,needs_information,현재 인원으로 순찰과 위험 확인 업무를 얼마나 원활히 수행하는지를 묻는다.,해당 현장의 수행 경험·수준이 시나리오에 없어서 평정하지 않았다. 도입 여부만으로 수행 수준을 높거나 낮다고 정하지 않는다.,scenario_information_gap,"[""scenario_assumptions""]","[""현재 순찰 인력, 업무량과 순찰·위험 확인의 체감 수행 수준""]",[],,,,"현장 관리감독자(토목 공정·계약 조정)으로 경험한 현장의 일을 떠올리는 질문인데, 실제 수행 수준은 여기 주어지지 않았습니다.",false,false,true
P3,c38363ea2ac540aa910b9b4e6354d3f2,1281,S3,도입,B-6,우리 현장에서는 불필요한 확인 업무에 쫓기지 않고 실제 위험 대응에 집중한다.,123,① 전혀 그렇지 않다 — ② 그렇지 않다 — ③ 보통이다 — ④ 그렇다 — ⑤ 매우 그렇다,true,needs_information,중복되거나 불필요하다고 느끼는 확인 때문에 실제 위험 대응을 놓치는지를 묻는다.,해당 현장의 수행 경험·수준이 시나리오에 없어서 평정하지 않았다. 도입 여부만으로 수행 수준을 높거나 낮다고 정하지 않는다.,scenario_information_gap,"[""scenario_assumptions""]","[""중복 확인과 실제 위험 대응에 시간을 썼던 경험""]",[],,,,"현장 관리감독자(토목 공정·계약 조정)으로 경험한 현장의 일을 떠올리는 질문인데, 실제 수행 수준은 여기 주어지지 않았습니다.",false,false,true
P3,c38363ea2ac540aa910b9b4e6354d3f2,1281,S3,도입,B-7,우리 현장에서는 필요한 경우 시정·작업중지 등 통제 조치를 신속하게 시행한다.,124,① 전혀 그렇지 않다 — ② 그렇지 않다 — ③ 보통이다 — ④ 그렇다 — ⑤ 매우 그렇다,true,needs_information,시정이나 작업중지가 필요한 상황에서 실제 조치를 빨리 하는지를 묻는다.,해당 현장의 수행 경험·수준이 시나리오에 없어서 평정하지 않았다. 도입 여부만으로 수행 수준을 높거나 낮다고 정하지 않는다.,scenario_information_gap,"[""scenario_assumptions""]","[""시정·작업중지가 필요했던 사건과 실제 조치 경험""]",[],,,,"현장 관리감독자(토목 공정·계약 조정)으로 경험한 현장의 일을 떠올리는 질문인데, 실제 수행 수준은 여기 주어지지 않았습니다.",false,false,true
P3,c38363ea2ac540aa910b9b4e6354d3f2,1281,S3,도입,B-8,우리 현장에서는 사고로 이어질 수 있는 위험요인을 실질적으로 통제한다.,125,① 전혀 그렇지 않다 — ② 그렇지 않다 — ③ 보통이다 — ④ 그렇다 — ⑤ 매우 그렇다,true,needs_information,위험요인이 사고로 이어지지 않도록 실제로 통제하는 정도를 묻는다.,해당 현장의 수행 경험·수준이 시나리오에 없어서 평정하지 않았다. 도입 여부만으로 수행 수준을 높거나 낮다고 정하지 않는다.,scenario_information_gap,"[""scenario_assumptions""]","[""위험요인 통제 조치가 현장에서 이행되었다고 느낀 근거""]",[],,,,"현장 관리감독자(토목 공정·계약 조정)으로 경험한 현장의 일을 떠올리는 질문인데, 실제 수행 수준은 여기 주어지지 않았습니다.",false,false,true
P3,c38363ea2ac540aa910b9b4e6354d3f2,1281,S3,도입,C-1,우리 현장은 고가의 스마트 안전장비를 도입하기에는 예산이 부족하다.,134,① 전혀 그렇지 않다 — ② 그렇지 않다 — ③ 보통이다 — ④ 그렇다 — ⑤ 매우 그렇다,true,ambiguous,비싸다고 생각하는 스마트 안전장비를 살 만큼 현장 예산이 있는지를 묻는다.,고가가 어느 장비·가격대인지 기준이 없다. 같은 현장 예산이라도 서로 다른 장비를 떠올릴 가능성을 확인할 필요가 있다. 예산액 미제공은 별개이다.,item_wording,"[""questionnaire.C-1"",""scenario_assumptions""]","[""응답자가 떠올리는 장비와 비용 범위"",""현장의 예산 여건에 대한 인식""]","[""고가""]",,,,제가 떠올리는 고가 장비와 다른 분이 떠올리는 장비가 같을까요?,true,false,false
P3,c38363ea2ac540aa910b9b4e6354d3f2,1281,S3,도입,C-2,우리 현장은 스마트 안전장비나 관제 시스템 도입에 쓸 안전관리 예산이 부족하게 편성되어 있다.,135,① 전혀 그렇지 않다 — ② 그렇지 않다 — ③ 보통이다 — ④ 그렇다 — ⑤ 매우 그렇다,true,needs_information,장비나 관제 시스템에 사용할 안전관리 예산이 충분히 배정되었는지를 묻는다.,시험에서는 예산을 직접 관리하고 자료에 접근할 수 있게 설정했다. 다만 예산 편성 내역과 장비 도입 여건 자체를 제공하지 않아 답을 만들지 않았다. 문항 결함으로 계산하지 않는다.,scenario_information_gap,"[""scenario_assumptions""]","[""예산 편성 내역과 장비 도입 여건""]",[],,,,"예산 자료를 확인할 역할은 맡았지만, 이 시험에는 실제 금액이나 지원 이력이 없습니다.",false,false,true
P3,c38363ea2ac540aa910b9b4e6354d3f2,1281,S3,도입,C-3,우리 현장은 산업안전보건관리비 계상 기준만으로는 스마트 안전장비나 관제 시스템을 도입하기 어렵다.,136,① 전혀 그렇지 않다 — ② 그렇지 않다 — ③ 보통이다 — ④ 그렇다 — ⑤ 매우 그렇다,true,ambiguous,산업안전보건관리비의 계상 기준만으로 장비 도입에 필요한 여건이 갖춰지는지를 묻는다.,"계상 기준만으로는이라는 표현이 확보되는 금액의 부족을 뜻하는지, 지출 가능 범위 같은 제도 제약을 뜻하는지 나뉠 수 있다. 법령 내용이나 현장 적용 결과를 이 시험에서 판단하지 않는다.",item_wording,"[""questionnaire.C-3"",""scenario_assumptions""]","[""측정하려는 제약의 범위"",""실제 응답자가 계상 기준을 이해하는 방식""]","[""산업안전보건관리비 계상 기준만으로는""]",,,,"관리비가 모자란다는 뜻인지, 그 돈으로 해당 장비를 살 수 없다는 뜻인지 먼저 확인하고 싶습니다.",true,false,false
P3,c38363ea2ac540aa910b9b4e6354d3f2,1281,S3,도입,C-4,우리 현장은 소속 기관인 본사나 발주청으로부터 스마트 안전장비나 관제 시스템 도입 예산을 별도로 지원받기 어렵다.,137,① 전혀 그렇지 않다 — ② 그렇지 않다 — ③ 보통이다 — ④ 그렇다 — ⑤ 매우 그렇다,true,needs_information,현장 자체 예산 외에 본사나 발주청의 추가 지원을 받기 어려운지를 묻는다.,시험에서는 예산을 직접 관리하고 자료에 접근할 수 있게 설정했다. 다만 본사·발주청 지원 절차와 지원 경험 자체를 제공하지 않아 답을 만들지 않았다. 문항 결함으로 계산하지 않는다.,scenario_information_gap,"[""scenario_assumptions""]","[""본사·발주청 지원 절차와 지원 경험""]",[],,,,"예산 자료를 확인할 역할은 맡았지만, 이 시험에는 실제 금액이나 지원 이력이 없습니다.",false,false,true
P3,c38363ea2ac540aa910b9b4e6354d3f2,1281,S3,도입,D-1,본 시스템은 일반 사무용 PC로 구동되어 고가 AI 서버 등 별도 장비에 대한 투자 부담이 적다.,160,① 전혀 그렇지 않다 — ② 그렇지 않다 — ③ 보통이다 — ④ 그렇다 — ⑤ 매우 그렇다,true,ambiguous,사무용 PC로 운영할 수 있다는 점과 별도 장비 투자 부담이 작은지를 함께 묻는다.,장비 구성 경험은 있지만 일반 PC 구동과 투자 부담은 별개의 판단이다. 직접 예산을 관리하는 역할이어도 구성비·구매비가 없으면 투자 부담까지 정할 수 없다.,item_wording,"[""questionnaire.D-1"",""scenario_assumptions""]","[""직접 경험한 장비 구성"",""별도 장비 구입·이용 부담에 대한 인식""]","[""일반 사무용 PC"",""투자 부담이 적다""]",,,,어떤 PC를 썼는지와 돈이 적게 들었는지는 따로 생각해야 할 것 같습니다.,true,false,false
P3,c38363ea2ac540aa910b9b4e6354d3f2,1281,S3,도입,D-2,본 시스템은 제조사가 다른 기존 현장 카메라와도 호환되어 카메라를 교체하지 않고 도입할 수 있다.,161,① 전혀 그렇지 않다 — ② 그렇지 않다 — ③ 보통이다 — ④ 그렇다 — ⑤ 매우 그렇다,true,needs_information,제조사가 다른 기존 카메라를 교체하지 않고 연결해 사용할 수 있는지를 묻는다.,다른 제조사 카메라 연결을 경험했다는 조건만 부여했다. 실제 교체 여부와 사용 결과를 제공하지 않았으므로 호환 성공을 가정하지 않는다.,scenario_information_gap,"[""scenario_assumptions""]","[""경험한 카메라의 제조사·연결 방식·교체 여부와 사용 결과""]",[],,,,제가 연결해 본 카메라를 기준으로 답해야겠네요. 교체했는지와 연결 결과는 이 시험에 없습니다.,false,false,true
P3,c38363ea2ac540aa910b9b4e6354d3f2,1281,S3,도입,D-3,본 시스템은 짧은 시간에 알림이 몰려도 같은 알림의 반복 발송을 제한하여 느려지거나 멈추지 않고 안정적으로 작동한다.,162,① 전혀 그렇지 않다 — ② 그렇지 않다 — ③ 보통이다 — ④ 그렇다 — ⑤ 매우 그렇다,true,not_applicable,알림이 몰릴 때 반복 발송이 제한되는지와 느려지거나 멈추지 않는지를 함께 묻는다.,시험 조건에서 알림이 짧은 시간에 몰린 상황 경험이 없다. 현행 D·E 안내가 경험 없는 문항의 비해당을 이미 허용하므로 안내대로 처리한다.,existing_instruction,"[""scenario_assumptions.experience.dense_alerts"",""questionnaire.instructions.D""]",[],[],문항 옆에 비해당 표기; 0점·불성실 응답으로 보지 않음; 공통부 응답 유지,,,알림이 짧은 시간에 몰린 상황을 경험하지 않았으므로 안내대로 비해당이라고 적겠습니다.,false,false,false
P3,c38363ea2ac540aa910b9b4e6354d3f2,1281,S3,도입,D-4,본 시스템은 통신 상태가 좋지 않은 현장에서도 위험 여부를 가려내는 기능이 안정적으로 작동한다.,163,① 전혀 그렇지 않다 — ② 그렇지 않다 — ③ 보통이다 — ④ 그렇다 — ⑤ 매우 그렇다,true,not_applicable,통신이 나쁠 때에도 위험을 판별하는 기능이 유지되는지를 묻는다.,시험 조건에서 통신 상태가 나쁜 상황 경험이 없다. 현행 D·E 안내가 경험 없는 문항의 비해당을 이미 허용하므로 안내대로 처리한다.,existing_instruction,"[""scenario_assumptions.experience.poor_network"",""questionnaire.instructions.D""]",[],[],문항 옆에 비해당 표기; 0점·불성실 응답으로 보지 않음; 공통부 응답 유지,,,통신 상태가 나쁜 상황을 경험하지 않았으므로 안내대로 비해당이라고 적겠습니다.,false,false,false
P3,c38363ea2ac540aa910b9b4e6354d3f2,1281,S3,도입,D-5,본 시스템은 현장의 나무나 그림자 같은 배경을 사람이나 위험 요소로 잘못 알리는 일이 드물다.,164,① 전혀 그렇지 않다 — ② 그렇지 않다 — ③ 보통이다 — ④ 그렇다 — ⑤ 매우 그렇다,true,not_applicable,나무·그림자 등 배경을 사람이나 위험으로 잘못 알린 경우가 드문지를 묻는다.,시험 조건에서 알림과 실제 현장 상황 대조 경험이 없다. 현행 D·E 안내가 경험 없는 문항의 비해당을 이미 허용하므로 안내대로 처리한다.,existing_instruction,"[""scenario_assumptions.experience.alert_content_compared_with_site"",""questionnaire.instructions.D""]",[],[],문항 옆에 비해당 표기; 0점·불성실 응답으로 보지 않음; 공통부 응답 유지,,,알림과 실제 현장 상황 대조을 경험하지 않았으므로 안내대로 비해당이라고 적겠습니다.,false,false,false
P3,c38363ea2ac540aa910b9b4e6354d3f2,1281,S3,도입,D-6,본 시스템은 촬영 장면 속 작업 상황의 맥락을 파악하여 정상 작업을 위험으로 잘못 알리는 일이 드물다.,165,① 전혀 그렇지 않다 — ② 그렇지 않다 — ③ 보통이다 — ④ 그렇다 — ⑤ 매우 그렇다,true,not_applicable,정상 작업을 위험으로 잘못 알리지 않는지와 시스템이 작업 맥락을 이해하는지를 함께 읽게 된다.,시험 조건에서 알림과 실제 현장 상황 대조 경험이 없다. 현행 D·E 안내가 경험 없는 문항의 비해당을 이미 허용하므로 안내대로 처리한다.,existing_instruction,"[""scenario_assumptions.experience.alert_content_compared_with_site"",""questionnaire.instructions.D""]",[],[],문항 옆에 비해당 표기; 0점·불성실 응답으로 보지 않음; 공통부 응답 유지,,,알림과 실제 현장 상황 대조을 경험하지 않았으므로 안내대로 비해당이라고 적겠습니다.,false,false,false
P3,c38363ea2ac540aa910b9b4e6354d3f2,1281,S3,도입,D-7,위험 상황이 발생하면 위험 요약과 이미지가 모바일 메신저로 신속하게 전달된다.,166,① 전혀 그렇지 않다 — ② 그렇지 않다 — ③ 보통이다 — ④ 그렇다 — ⑤ 매우 그렇다,true,not_applicable,위험 요약과 이미지가 메신저로 빨리 도착했다고 느끼는지를 묻는다.,시험 조건에서 실제 알림 수신·확인 경험이 없다. 현행 D·E 안내가 경험 없는 문항의 비해당을 이미 허용하므로 안내대로 처리한다.,existing_instruction,"[""scenario_assumptions.experience.actual_alert_received_and_read"",""questionnaire.instructions.D""]",[],[],문항 옆에 비해당 표기; 0점·불성실 응답으로 보지 않음; 공통부 응답 유지,,,실제 알림 수신·확인을 경험하지 않았으므로 안내대로 비해당이라고 적겠습니다.,false,false,false
P3,c38363ea2ac540aa910b9b4e6354d3f2,1281,S3,도입,D-8,모바일 메신저로 받은 알림만으로도 현장 상황을 쉽게 파악할 수 있다.,167,① 전혀 그렇지 않다 — ② 그렇지 않다 — ③ 보통이다 — ④ 그렇다 — ⑤ 매우 그렇다,true,not_applicable,메신저 알림의 내용만 보고도 현장 상황을 이해할 수 있는지를 묻는다.,시험 조건에서 실제 알림 수신·확인 경험이 없다. 현행 D·E 안내가 경험 없는 문항의 비해당을 이미 허용하므로 안내대로 처리한다.,existing_instruction,"[""scenario_assumptions.experience.actual_alert_received_and_read"",""questionnaire.instructions.D""]",[],[],문항 옆에 비해당 표기; 0점·불성실 응답으로 보지 않음; 공통부 응답 유지,,,실제 알림 수신·확인을 경험하지 않았으므로 안내대로 비해당이라고 적겠습니다.,false,false,false
P3,c38363ea2ac540aa910b9b4e6354d3f2,1281,S3,도입,E-1,본 시스템이 위험이 아닌 상황을 걸러 주어 잦은 알림 확인에 따른 스트레스가 줄었다.,176,① 전혀 그렇지 않다 — ② 그렇지 않다 — ③ 보통이다 — ④ 그렇다 — ⑤ 매우 그렇다,true,not_applicable,위험 아닌 상황을 거르는 기능 덕분에 알림 확인 스트레스가 이전보다 줄었는지를 묻는다.,시험 조건에서 실제 알림 수신·확인 경험이 없다. 현행 D·E 안내가 경험 없는 문항의 비해당을 이미 허용하므로 안내대로 처리한다.,existing_instruction,"[""scenario_assumptions.experience.actual_alert_received_and_read"",""questionnaire.instructions.E""]",[],[],문항 옆에 비해당 표기; 0점·불성실 응답으로 보지 않음; 공통부 응답 유지,,,실제 알림 수신·확인을 경험하지 않았으므로 안내대로 비해당이라고 적겠습니다.,false,false,false
P3,c38363ea2ac540aa910b9b4e6354d3f2,1281,S3,도입,E-2,불필요한 알림을 확인하는 시간이 줄어 핵심 업무에 더 집중하게 되었다.,177,① 전혀 그렇지 않다 — ② 그렇지 않다 — ③ 보통이다 — ④ 그렇다 — ⑤ 매우 그렇다,true,not_applicable,불필요한 알림 확인 시간이 줄고 업무 집중이 늘었다고 느끼는지를 묻는다.,시험 조건에서 실제 알림 수신·확인 경험이 없다. 현행 D·E 안내가 경험 없는 문항의 비해당을 이미 허용하므로 안내대로 처리한다.,existing_instruction,"[""scenario_assumptions.experience.actual_alert_received_and_read"",""questionnaire.instructions.E""]",[],[],문항 옆에 비해당 표기; 0점·불성실 응답으로 보지 않음; 공통부 응답 유지,,,실제 알림 수신·확인을 경험하지 않았으므로 안내대로 비해당이라고 적겠습니다.,false,false,false
P3,c38363ea2ac540aa910b9b4e6354d3f2,1281,S3,도입,E-3,알림이 오면 ‘또 잘못 온 알림’으로 여겨 무시하기보다 바로 확인하는 경우가 늘었다.,178,① 전혀 그렇지 않다 — ② 그렇지 않다 — ③ 보통이다 — ④ 그렇다 — ⑤ 매우 그렇다,true,not_applicable,잘못 온 알림이라 여겨 무시하는 대신 곧바로 확인하는 일이 이전보다 늘었는지를 묻는다.,시험 조건에서 실제 알림 수신·확인 경험이 없다. 현행 D·E 안내가 경험 없는 문항의 비해당을 이미 허용하므로 안내대로 처리한다.,existing_instruction,"[""scenario_assumptions.experience.actual_alert_received_and_read"",""questionnaire.instructions.E""]",[],[],문항 옆에 비해당 표기; 0점·불성실 응답으로 보지 않음; 공통부 응답 유지,,,실제 알림 수신·확인을 경험하지 않았으므로 안내대로 비해당이라고 적겠습니다.,false,false,false
P3,c38363ea2ac540aa910b9b4e6354d3f2,1281,S3,도입,E-4,본 시스템 도입 이후 알림으로 인한 피로감이 줄었다.,179,① 전혀 그렇지 않다 — ② 그렇지 않다 — ③ 보통이다 — ④ 그렇다 — ⑤ 매우 그렇다,true,not_applicable,도입 이후 알림 피로감이 도입 전보다 줄었다고 느끼는지를 묻는다.,시험 조건에서 실제 알림 수신·확인 경험이 없다. 현행 D·E 안내가 경험 없는 문항의 비해당을 이미 허용하므로 안내대로 처리한다.,existing_instruction,"[""scenario_assumptions.experience.actual_alert_received_and_read"",""questionnaire.instructions.E""]",[],[],문항 옆에 비해당 표기; 0점·불성실 응답으로 보지 않음; 공통부 응답 유지,,,실제 알림 수신·확인을 경험하지 않았으므로 안내대로 비해당이라고 적겠습니다.,false,false,false
P4,39b098bb8e364e5b9ec19632ed01cb5b,1479,S4,도입,A-1,귀하의 소속 구분은?,89,&emsp;&emsp;① 시공사 &emsp;&emsp;② 발주청(공사감독·감리원 포함),true,answerable,소속이 시공사 측인지 발주청·감리 측인지를 고르는 항목이다.,가상 소속은 시공사로 명시했다. 원본 소속 사실로 확정한 것은 아니므로 번호 선택은 하지 않는다.,scenario_assumption,"[""scenario_assumptions""]",[],[],,,,이 시험에서는 시공사 소속으로 읽겠습니다.,false,false,false
P4,39b098bb8e364e5b9ec19632ed01cb5b,1479,S4,도입,A-2,귀하의 성별은?,92,&emsp;&emsp;① 남성 &emsp;&emsp;② 여성,true,answerable,성별 보기에서 원본 필드에 해당하는 범주를 고른다.,원본 sex가 여자로 제공되어 있다. 이 정보는 다른 문항의 능력·태도 추정에 사용하지 않는다.,source_fact,"[""source_fields.sex""]",[],[],,2,source_fields.sex,원본에 적힌 성별은 여자입니다.,false,false,false
P4,39b098bb8e364e5b9ec19632ed01cb5b,1479,S4,도입,A-3,귀하의 연령대는?,95,&emsp;&emsp;① 20대 &emsp;&emsp;② 30대 &emsp;&emsp;③ 40대 &emsp;&emsp;④ 50대 &emsp;&emsp;⑤ 60대 이상,true,answerable,원본 나이가 속하는 연령 구간을 고른다.,원본 age=47를 현행 보기 구간에 대입한다. 숙련도나 기술 수용성을 나이로 추정하지 않는다.,source_fact,"[""source_fields.age""]",[],[],,3,source_fields.age,47세이므로 해당 연령 구간을 고르겠습니다.,false,false,false
P4,39b098bb8e364e5b9ec19632ed01cb5b,1479,S4,도입,A-4,귀하의 건설현장 근무 경력은? (안전관리·공사감독·시공관리 등 현장 업무 경력을 모두 합한 기간),98,"&emsp;&emsp;① 3년 미만 &emsp;&emsp;② 3년 이상∼5년 미만 &emsp;&emsp;③ 5년 이상∼10년 미만
&emsp;&emsp;④ 10년 이상∼20년 미만 &emsp;&emsp;⑤ 20년 이상",true,needs_information,안전관리·감독·시공관리 등 실제 현장 업무 기간을 합산하는 항목이다.,원본의 베테랑·수십 년 같은 서술만으로 정확한 누적 현장 경력은 정하지 않았다. 나이·졸업 시점에서 경력을 만들어내지 않는다.,scenario_information_gap,"[""scenario_assumptions""]","[""경력증명 또는 본인이 확인한 현장 업무 누적 기간""]",[],,,,"현장 경력을 합쳐 적는 뜻은 알지만, 제 이력의 정확한 기간은 이 자료에 없습니다.",false,false,true
P4,39b098bb8e364e5b9ec19632ed01cb5b,1479,S4,도입,A-5,현장에서 귀하가 맡고 있는 역할은?,102,&emsp;&emsp;① 공사감독 &emsp;&emsp;② 안전관리자 &emsp;&emsp;③ 현장소장 &emsp;&emsp;④ 기타(&emsp;&emsp;&emsp;&emsp;),true,ambiguous,현장 역할을 네 개 보기 가운데 분류하는 항목이다.,가상 역할은 현장 관리감독자(공정·협력업체 조정)이다. 관리감독자·감리원 이름이 보기에는 없어 공사감독에 포함할지 기타에 적을지 확인이 필요하다. 기타란은 있으므로 응답 자체가 불가능하지는 않다.,item_wording,"[""questionnaire.A-5"",""scenario_assumptions""]","[""조사자가 의도한 역할 범주 매핑""]","[""공사감독"",""기타""]",,,,저는 현장 관리감독자(공정·협력업체 조정)인데 공사감독을 고르는지 기타에 적는지 망설여집니다.,true,false,false
P4,39b098bb8e364e5b9ec19632ed01cb5b,1479,S4,도입,A-6,현재 담당 현장의 공사금액 규모는? **[확정 필요: 공사금액 구간 기준]**,105,"&emsp;&emsp;① 20억 원 미만 &emsp;&emsp;② 20억 원 이상∼50억 원 미만 &emsp;&emsp;③ 50억 원 이상∼100억 원 미만
&emsp;&emsp;④ 100억 원 이상∼120억 원 미만 &emsp;&emsp;⑤ 120억 원 이상",true,needs_information,현재 맡은 현장의 공사금액을 보기 구간에 맞춰 고르는 항목이다.,가상 현장의 공사금액을 제공하지 않았으므로 선택할 수 없다. 원문의 구간 기준 확정 필요 표시도 그대로 보존했다. 정보 미제공은 새로운 문항 결함이 아니다.,scenario_information_gap,"[""scenario_assumptions""]","[""담당 현장 공사금액"",""원문에 남은 공사금액 구간 기준 확정""]",[],,,,"공사금액이 주어지면 구간을 고를 수 있지만, 이 시험에는 금액이 없습니다.",false,false,true
P4,39b098bb8e364e5b9ec19632ed01cb5b,1479,S4,도입,B-1,우리 현장에서는 위험 상황을 조기에 인지한다.,118,① 전혀 그렇지 않다 — ② 그렇지 않다 — ③ 보통이다 — ④ 그렇다 — ⑤ 매우 그렇다,true,needs_information,위험이 커지거나 사고로 이어지기 전에 알아채는지를 묻는다.,해당 현장의 수행 경험·수준이 시나리오에 없어서 평정하지 않았다. 도입 여부만으로 수행 수준을 높거나 낮다고 정하지 않는다.,scenario_information_gap,"[""scenario_assumptions""]","[""담당 현장에서 위험을 발견한 상황과 발견 시점에 대한 기억""]",[],,,,"현장 관리감독자(공정·협력업체 조정)으로 경험한 현장의 일을 떠올리는 질문인데, 실제 수행 수준은 여기 주어지지 않았습니다.",false,false,true
P4,39b098bb8e364e5b9ec19632ed01cb5b,1479,S4,도입,B-2,우리 현장에서는 위험 상황을 인지하면 초동 대응을 빠르게 지시한다.,119,① 전혀 그렇지 않다 — ② 그렇지 않다 — ③ 보통이다 — ④ 그렇다 — ⑤ 매우 그렇다,true,needs_information,위험을 알아챈 다음 초기 대응 지시가 늦지 않는지를 묻는다.,해당 현장의 수행 경험·수준이 시나리오에 없어서 평정하지 않았다. 도입 여부만으로 수행 수준을 높거나 낮다고 정하지 않는다.,scenario_information_gap,"[""scenario_assumptions""]","[""위험 인지 후 초동 대응을 지시했던 경험""]",[],,,,"현장 관리감독자(공정·협력업체 조정)으로 경험한 현장의 일을 떠올리는 질문인데, 실제 수행 수준은 여기 주어지지 않았습니다.",false,false,true
P4,39b098bb8e364e5b9ec19632ed01cb5b,1479,S4,도입,B-3,우리 현장에서는 안전관리 담당자가 현장 밖에서도 위험 상황을 신속하게 파악한다.,120,① 전혀 그렇지 않다 — ② 그렇지 않다 — ③ 보통이다 — ④ 그렇다 — ⑤ 매우 그렇다,true,needs_information,안전관리 업무를 맡은 사람이 현장 밖에 있을 때도 위험 소식을 빨리 파악하는지를 묻는다.,해당 현장의 수행 경험·수준이 시나리오에 없어서 평정하지 않았다. 기존 안내가 전담 안전관리자뿐 아니라 안전관리 업무 담당자를 포함한다. 문항에는 CCTV라는 제한이 없다.,scenario_information_gap,"[""scenario_assumptions""]","[""현장 밖 안전관리 담당자에게 전화·보고·영상 등으로 위험을 알린 경험""]",[],,,,담당자가 밖에 있을 때도 알게 되는지를 묻는군요. 전화·보고·알림을 모두 떠올릴 수 있습니다.,false,false,true
P4,39b098bb8e364e5b9ec19632ed01cb5b,1479,S4,도입,B-4,우리 현장에서는 멀리 떨어진 곳에서도 위험 정보와 조치 필요사항을 원활하게 공유한다.,121,① 전혀 그렇지 않다 — ② 그렇지 않다 — ③ 보통이다 — ④ 그렇다 — ⑤ 매우 그렇다,true,needs_information,서로 떨어져 있는 사람에게 위험 내용과 해야 할 조치를 전달하는지를 묻는다.,해당 현장의 수행 경험·수준이 시나리오에 없어서 평정하지 않았다. 도입 여부만으로 수행 수준을 높거나 낮다고 정하지 않는다.,scenario_information_gap,"[""scenario_assumptions""]","[""거리나 위치가 다른 사람들 사이의 위험 정보·조치 전달 경험""]",[],,,,"현장 관리감독자(공정·협력업체 조정)으로 경험한 현장의 일을 떠올리는 질문인데, 실제 수행 수준은 여기 주어지지 않았습니다.",false,false,true
P4,39b098bb8e364e5b9ec19632ed01cb5b,1479,S4,도입,B-5,우리 현장에서는 제한된 인력으로도 현장 순찰과 위험 확인 업무를 효율적으로 수행한다.,122,① 전혀 그렇지 않다 — ② 그렇지 않다 — ③ 보통이다 — ④ 그렇다 — ⑤ 매우 그렇다,true,needs_information,현재 인원으로 순찰과 위험 확인 업무를 얼마나 원활히 수행하는지를 묻는다.,해당 현장의 수행 경험·수준이 시나리오에 없어서 평정하지 않았다. 도입 여부만으로 수행 수준을 높거나 낮다고 정하지 않는다.,scenario_information_gap,"[""scenario_assumptions""]","[""현재 순찰 인력, 업무량과 순찰·위험 확인의 체감 수행 수준""]",[],,,,"현장 관리감독자(공정·협력업체 조정)으로 경험한 현장의 일을 떠올리는 질문인데, 실제 수행 수준은 여기 주어지지 않았습니다.",false,false,true
P4,39b098bb8e364e5b9ec19632ed01cb5b,1479,S4,도입,B-6,우리 현장에서는 불필요한 확인 업무에 쫓기지 않고 실제 위험 대응에 집중한다.,123,① 전혀 그렇지 않다 — ② 그렇지 않다 — ③ 보통이다 — ④ 그렇다 — ⑤ 매우 그렇다,true,needs_information,중복되거나 불필요하다고 느끼는 확인 때문에 실제 위험 대응을 놓치는지를 묻는다.,해당 현장의 수행 경험·수준이 시나리오에 없어서 평정하지 않았다. 도입 여부만으로 수행 수준을 높거나 낮다고 정하지 않는다.,scenario_information_gap,"[""scenario_assumptions""]","[""중복 확인과 실제 위험 대응에 시간을 썼던 경험""]",[],,,,"현장 관리감독자(공정·협력업체 조정)으로 경험한 현장의 일을 떠올리는 질문인데, 실제 수행 수준은 여기 주어지지 않았습니다.",false,false,true
P4,39b098bb8e364e5b9ec19632ed01cb5b,1479,S4,도입,B-7,우리 현장에서는 필요한 경우 시정·작업중지 등 통제 조치를 신속하게 시행한다.,124,① 전혀 그렇지 않다 — ② 그렇지 않다 — ③ 보통이다 — ④ 그렇다 — ⑤ 매우 그렇다,true,needs_information,시정이나 작업중지가 필요한 상황에서 실제 조치를 빨리 하는지를 묻는다.,해당 현장의 수행 경험·수준이 시나리오에 없어서 평정하지 않았다. 도입 여부만으로 수행 수준을 높거나 낮다고 정하지 않는다.,scenario_information_gap,"[""scenario_assumptions""]","[""시정·작업중지가 필요했던 사건과 실제 조치 경험""]",[],,,,"현장 관리감독자(공정·협력업체 조정)으로 경험한 현장의 일을 떠올리는 질문인데, 실제 수행 수준은 여기 주어지지 않았습니다.",false,false,true
P4,39b098bb8e364e5b9ec19632ed01cb5b,1479,S4,도입,B-8,우리 현장에서는 사고로 이어질 수 있는 위험요인을 실질적으로 통제한다.,125,① 전혀 그렇지 않다 — ② 그렇지 않다 — ③ 보통이다 — ④ 그렇다 — ⑤ 매우 그렇다,true,needs_information,위험요인이 사고로 이어지지 않도록 실제로 통제하는 정도를 묻는다.,해당 현장의 수행 경험·수준이 시나리오에 없어서 평정하지 않았다. 도입 여부만으로 수행 수준을 높거나 낮다고 정하지 않는다.,scenario_information_gap,"[""scenario_assumptions""]","[""위험요인 통제 조치가 현장에서 이행되었다고 느낀 근거""]",[],,,,"현장 관리감독자(공정·협력업체 조정)으로 경험한 현장의 일을 떠올리는 질문인데, 실제 수행 수준은 여기 주어지지 않았습니다.",false,false,true
P4,39b098bb8e364e5b9ec19632ed01cb5b,1479,S4,도입,C-1,우리 현장은 고가의 스마트 안전장비를 도입하기에는 예산이 부족하다.,134,① 전혀 그렇지 않다 — ② 그렇지 않다 — ③ 보통이다 — ④ 그렇다 — ⑤ 매우 그렇다,true,ambiguous,비싸다고 생각하는 스마트 안전장비를 살 만큼 현장 예산이 있는지를 묻는다.,고가가 어느 장비·가격대인지 기준이 없다. 같은 현장 예산이라도 서로 다른 장비를 떠올릴 가능성을 확인할 필요가 있다. 예산액 미제공은 별개이다.,item_wording,"[""questionnaire.C-1"",""scenario_assumptions""]","[""응답자가 떠올리는 장비와 비용 범위"",""현장의 예산 여건에 대한 인식""]","[""고가""]",,,,제가 떠올리는 고가 장비와 다른 분이 떠올리는 장비가 같을까요?,true,false,false
P4,39b098bb8e364e5b9ec19632ed01cb5b,1479,S4,도입,C-2,우리 현장은 스마트 안전장비나 관제 시스템 도입에 쓸 안전관리 예산이 부족하게 편성되어 있다.,135,① 전혀 그렇지 않다 — ② 그렇지 않다 — ③ 보통이다 — ④ 그렇다 — ⑤ 매우 그렇다,true,needs_information,장비나 관제 시스템에 사용할 안전관리 예산이 충분히 배정되었는지를 묻는다.,"가상 지식범위에서 예산 편성·집행액과 지원 결정을 모른다고 설정했다. 현실의 같은 직무에서도 답하기 어려운지는 실제 면담으로 확인해야 하며, 확인된 결함으로 단정하지 않는다.",respondent_knowledge_scope,"[""scenario_assumptions.budget_knowledge_scope"",""questionnaire.C-2""]","[""예산 편성 내역과 장비 도입 여건"",""응답자가 실제로 접근하는 예산 정보 범위""]",[],,,,저는 현장 관리감독자(공정·협력업체 조정) 업무를 맡지만 예산 편성이나 별도 지원 결정까지는 모릅니다.,false,true,false
P4,39b098bb8e364e5b9ec19632ed01cb5b,1479,S4,도입,C-3,우리 현장은 산업안전보건관리비 계상 기준만으로는 스마트 안전장비나 관제 시스템을 도입하기 어렵다.,136,① 전혀 그렇지 않다 — ② 그렇지 않다 — ③ 보통이다 — ④ 그렇다 — ⑤ 매우 그렇다,true,ambiguous,산업안전보건관리비의 계상 기준만으로 장비 도입에 필요한 여건이 갖춰지는지를 묻는다.,"계상 기준만으로는이라는 표현이 확보되는 금액의 부족을 뜻하는지, 지출 가능 범위 같은 제도 제약을 뜻하는지 나뉠 수 있다. 법령 내용이나 현장 적용 결과를 이 시험에서 판단하지 않는다.",item_wording,"[""questionnaire.C-3"",""scenario_assumptions""]","[""측정하려는 제약의 범위"",""실제 응답자가 계상 기준을 이해하는 방식""]","[""산업안전보건관리비 계상 기준만으로는""]",,,,"관리비가 모자란다는 뜻인지, 그 돈으로 해당 장비를 살 수 없다는 뜻인지 먼저 확인하고 싶습니다.",true,false,false
P4,39b098bb8e364e5b9ec19632ed01cb5b,1479,S4,도입,C-4,우리 현장은 소속 기관인 본사나 발주청으로부터 스마트 안전장비나 관제 시스템 도입 예산을 별도로 지원받기 어렵다.,137,① 전혀 그렇지 않다 — ② 그렇지 않다 — ③ 보통이다 — ④ 그렇다 — ⑤ 매우 그렇다,true,needs_information,현장 자체 예산 외에 본사나 발주청의 추가 지원을 받기 어려운지를 묻는다.,"가상 지식범위에서 예산 편성·집행액과 지원 결정을 모른다고 설정했다. 현실의 같은 직무에서도 답하기 어려운지는 실제 면담으로 확인해야 하며, 확인된 결함으로 단정하지 않는다.",respondent_knowledge_scope,"[""scenario_assumptions.budget_knowledge_scope"",""questionnaire.C-4""]","[""본사·발주청 지원 절차와 지원 경험"",""응답자가 실제로 접근하는 예산 정보 범위""]",[],,,,저는 현장 관리감독자(공정·협력업체 조정) 업무를 맡지만 예산 편성이나 별도 지원 결정까지는 모릅니다.,false,true,false
P4,39b098bb8e364e5b9ec19632ed01cb5b,1479,S4,도입,D-1,본 시스템은 일반 사무용 PC로 구동되어 고가 AI 서버 등 별도 장비에 대한 투자 부담이 적다.,160,① 전혀 그렇지 않다 — ② 그렇지 않다 — ③ 보통이다 — ④ 그렇다 — ⑤ 매우 그렇다,true,not_applicable,사무용 PC로 운영할 수 있다는 점과 별도 장비 투자 부담이 작은지를 함께 묻는다.,시험 조건에서 장비 구성 경험이 없다. 현행 D·E 안내가 경험 없는 문항의 비해당을 이미 허용하므로 안내대로 처리한다.,existing_instruction,"[""scenario_assumptions.experience.equipment_configuration"",""questionnaire.instructions.D""]",[],[],문항 옆에 비해당 표기; 0점·불성실 응답으로 보지 않음; 공통부 응답 유지,,,장비 구성을 경험하지 않았으므로 안내대로 비해당이라고 적겠습니다.,false,false,false
P4,39b098bb8e364e5b9ec19632ed01cb5b,1479,S4,도입,D-2,본 시스템은 제조사가 다른 기존 현장 카메라와도 호환되어 카메라를 교체하지 않고 도입할 수 있다.,161,① 전혀 그렇지 않다 — ② 그렇지 않다 — ③ 보통이다 — ④ 그렇다 — ⑤ 매우 그렇다,true,not_applicable,제조사가 다른 기존 카메라를 교체하지 않고 연결해 사용할 수 있는지를 묻는다.,시험 조건에서 다른 제조사 카메라 연결 경험이 없다. 현행 D·E 안내가 경험 없는 문항의 비해당을 이미 허용하므로 안내대로 처리한다.,existing_instruction,"[""scenario_assumptions.experience.different_manufacturer_camera_integration"",""questionnaire.instructions.D""]",[],[],문항 옆에 비해당 표기; 0점·불성실 응답으로 보지 않음; 공통부 응답 유지,,,다른 제조사 카메라 연결을 경험하지 않았으므로 안내대로 비해당이라고 적겠습니다.,false,false,false
P4,39b098bb8e364e5b9ec19632ed01cb5b,1479,S4,도입,D-3,본 시스템은 짧은 시간에 알림이 몰려도 같은 알림의 반복 발송을 제한하여 느려지거나 멈추지 않고 안정적으로 작동한다.,162,① 전혀 그렇지 않다 — ② 그렇지 않다 — ③ 보통이다 — ④ 그렇다 — ⑤ 매우 그렇다,true,not_applicable,알림이 몰릴 때 반복 발송이 제한되는지와 느려지거나 멈추지 않는지를 함께 묻는다.,시험 조건에서 알림이 짧은 시간에 몰린 상황 경험이 없다. 현행 D·E 안내가 경험 없는 문항의 비해당을 이미 허용하므로 안내대로 처리한다.,existing_instruction,"[""scenario_assumptions.experience.dense_alerts"",""questionnaire.instructions.D""]",[],[],문항 옆에 비해당 표기; 0점·불성실 응답으로 보지 않음; 공통부 응답 유지,,,알림이 짧은 시간에 몰린 상황을 경험하지 않았으므로 안내대로 비해당이라고 적겠습니다.,false,false,false
P4,39b098bb8e364e5b9ec19632ed01cb5b,1479,S4,도입,D-4,본 시스템은 통신 상태가 좋지 않은 현장에서도 위험 여부를 가려내는 기능이 안정적으로 작동한다.,163,① 전혀 그렇지 않다 — ② 그렇지 않다 — ③ 보통이다 — ④ 그렇다 — ⑤ 매우 그렇다,true,not_applicable,통신이 나쁠 때에도 위험을 판별하는 기능이 유지되는지를 묻는다.,시험 조건에서 통신 상태가 나쁜 상황 경험이 없다. 현행 D·E 안내가 경험 없는 문항의 비해당을 이미 허용하므로 안내대로 처리한다.,existing_instruction,"[""scenario_assumptions.experience.poor_network"",""questionnaire.instructions.D""]",[],[],문항 옆에 비해당 표기; 0점·불성실 응답으로 보지 않음; 공통부 응답 유지,,,통신 상태가 나쁜 상황을 경험하지 않았으므로 안내대로 비해당이라고 적겠습니다.,false,false,false
P4,39b098bb8e364e5b9ec19632ed01cb5b,1479,S4,도입,D-5,본 시스템은 현장의 나무나 그림자 같은 배경을 사람이나 위험 요소로 잘못 알리는 일이 드물다.,164,① 전혀 그렇지 않다 — ② 그렇지 않다 — ③ 보통이다 — ④ 그렇다 — ⑤ 매우 그렇다,true,not_applicable,나무·그림자 등 배경을 사람이나 위험으로 잘못 알린 경우가 드문지를 묻는다.,시험 조건에서 알림과 실제 현장 상황 대조 경험이 없다. 현행 D·E 안내가 경험 없는 문항의 비해당을 이미 허용하므로 안내대로 처리한다.,existing_instruction,"[""scenario_assumptions.experience.alert_content_compared_with_site"",""questionnaire.instructions.D""]",[],[],문항 옆에 비해당 표기; 0점·불성실 응답으로 보지 않음; 공통부 응답 유지,,,알림과 실제 현장 상황 대조을 경험하지 않았으므로 안내대로 비해당이라고 적겠습니다.,false,false,false
P4,39b098bb8e364e5b9ec19632ed01cb5b,1479,S4,도입,D-6,본 시스템은 촬영 장면 속 작업 상황의 맥락을 파악하여 정상 작업을 위험으로 잘못 알리는 일이 드물다.,165,① 전혀 그렇지 않다 — ② 그렇지 않다 — ③ 보통이다 — ④ 그렇다 — ⑤ 매우 그렇다,true,not_applicable,정상 작업을 위험으로 잘못 알리지 않는지와 시스템이 작업 맥락을 이해하는지를 함께 읽게 된다.,시험 조건에서 알림과 실제 현장 상황 대조 경험이 없다. 현행 D·E 안내가 경험 없는 문항의 비해당을 이미 허용하므로 안내대로 처리한다.,existing_instruction,"[""scenario_assumptions.experience.alert_content_compared_with_site"",""questionnaire.instructions.D""]",[],[],문항 옆에 비해당 표기; 0점·불성실 응답으로 보지 않음; 공통부 응답 유지,,,알림과 실제 현장 상황 대조을 경험하지 않았으므로 안내대로 비해당이라고 적겠습니다.,false,false,false
P4,39b098bb8e364e5b9ec19632ed01cb5b,1479,S4,도입,D-7,위험 상황이 발생하면 위험 요약과 이미지가 모바일 메신저로 신속하게 전달된다.,166,① 전혀 그렇지 않다 — ② 그렇지 않다 — ③ 보통이다 — ④ 그렇다 — ⑤ 매우 그렇다,true,not_applicable,위험 요약과 이미지가 메신저로 빨리 도착했다고 느끼는지를 묻는다.,시험 조건에서 실제 알림 수신·확인 경험이 없다. 현행 D·E 안내가 경험 없는 문항의 비해당을 이미 허용하므로 안내대로 처리한다.,existing_instruction,"[""scenario_assumptions.experience.actual_alert_received_and_read"",""questionnaire.instructions.D""]",[],[],문항 옆에 비해당 표기; 0점·불성실 응답으로 보지 않음; 공통부 응답 유지,,,실제 알림 수신·확인을 경험하지 않았으므로 안내대로 비해당이라고 적겠습니다.,false,false,false
P4,39b098bb8e364e5b9ec19632ed01cb5b,1479,S4,도입,D-8,모바일 메신저로 받은 알림만으로도 현장 상황을 쉽게 파악할 수 있다.,167,① 전혀 그렇지 않다 — ② 그렇지 않다 — ③ 보통이다 — ④ 그렇다 — ⑤ 매우 그렇다,true,not_applicable,메신저 알림의 내용만 보고도 현장 상황을 이해할 수 있는지를 묻는다.,시험 조건에서 실제 알림 수신·확인 경험이 없다. 현행 D·E 안내가 경험 없는 문항의 비해당을 이미 허용하므로 안내대로 처리한다.,existing_instruction,"[""scenario_assumptions.experience.actual_alert_received_and_read"",""questionnaire.instructions.D""]",[],[],문항 옆에 비해당 표기; 0점·불성실 응답으로 보지 않음; 공통부 응답 유지,,,실제 알림 수신·확인을 경험하지 않았으므로 안내대로 비해당이라고 적겠습니다.,false,false,false
P4,39b098bb8e364e5b9ec19632ed01cb5b,1479,S4,도입,E-1,본 시스템이 위험이 아닌 상황을 걸러 주어 잦은 알림 확인에 따른 스트레스가 줄었다.,176,① 전혀 그렇지 않다 — ② 그렇지 않다 — ③ 보통이다 — ④ 그렇다 — ⑤ 매우 그렇다,true,not_applicable,위험 아닌 상황을 거르는 기능 덕분에 알림 확인 스트레스가 이전보다 줄었는지를 묻는다.,시험 조건에서 실제 알림 수신·확인 경험이 없다. 현행 D·E 안내가 경험 없는 문항의 비해당을 이미 허용하므로 안내대로 처리한다.,existing_instruction,"[""scenario_assumptions.experience.actual_alert_received_and_read"",""questionnaire.instructions.E""]",[],[],문항 옆에 비해당 표기; 0점·불성실 응답으로 보지 않음; 공통부 응답 유지,,,실제 알림 수신·확인을 경험하지 않았으므로 안내대로 비해당이라고 적겠습니다.,false,false,false
P4,39b098bb8e364e5b9ec19632ed01cb5b,1479,S4,도입,E-2,불필요한 알림을 확인하는 시간이 줄어 핵심 업무에 더 집중하게 되었다.,177,① 전혀 그렇지 않다 — ② 그렇지 않다 — ③ 보통이다 — ④ 그렇다 — ⑤ 매우 그렇다,true,not_applicable,불필요한 알림 확인 시간이 줄고 업무 집중이 늘었다고 느끼는지를 묻는다.,시험 조건에서 실제 알림 수신·확인 경험이 없다. 현행 D·E 안내가 경험 없는 문항의 비해당을 이미 허용하므로 안내대로 처리한다.,existing_instruction,"[""scenario_assumptions.experience.actual_alert_received_and_read"",""questionnaire.instructions.E""]",[],[],문항 옆에 비해당 표기; 0점·불성실 응답으로 보지 않음; 공통부 응답 유지,,,실제 알림 수신·확인을 경험하지 않았으므로 안내대로 비해당이라고 적겠습니다.,false,false,false
P4,39b098bb8e364e5b9ec19632ed01cb5b,1479,S4,도입,E-3,알림이 오면 ‘또 잘못 온 알림’으로 여겨 무시하기보다 바로 확인하는 경우가 늘었다.,178,① 전혀 그렇지 않다 — ② 그렇지 않다 — ③ 보통이다 — ④ 그렇다 — ⑤ 매우 그렇다,true,not_applicable,잘못 온 알림이라 여겨 무시하는 대신 곧바로 확인하는 일이 이전보다 늘었는지를 묻는다.,시험 조건에서 실제 알림 수신·확인 경험이 없다. 현행 D·E 안내가 경험 없는 문항의 비해당을 이미 허용하므로 안내대로 처리한다.,existing_instruction,"[""scenario_assumptions.experience.actual_alert_received_and_read"",""questionnaire.instructions.E""]",[],[],문항 옆에 비해당 표기; 0점·불성실 응답으로 보지 않음; 공통부 응답 유지,,,실제 알림 수신·확인을 경험하지 않았으므로 안내대로 비해당이라고 적겠습니다.,false,false,false
P4,39b098bb8e364e5b9ec19632ed01cb5b,1479,S4,도입,E-4,본 시스템 도입 이후 알림으로 인한 피로감이 줄었다.,179,① 전혀 그렇지 않다 — ② 그렇지 않다 — ③ 보통이다 — ④ 그렇다 — ⑤ 매우 그렇다,true,not_applicable,도입 이후 알림 피로감이 도입 전보다 줄었다고 느끼는지를 묻는다.,시험 조건에서 실제 알림 수신·확인 경험이 없다. 현행 D·E 안내가 경험 없는 문항의 비해당을 이미 허용하므로 안내대로 처리한다.,existing_instruction,"[""scenario_assumptions.experience.actual_alert_received_and_read"",""questionnaire.instructions.E""]",[],[],문항 옆에 비해당 표기; 0점·불성실 응답으로 보지 않음; 공통부 응답 유지,,,실제 알림 수신·확인을 경험하지 않았으므로 안내대로 비해당이라고 적겠습니다.,false,false,false
P5,82ffcd9945da443b9ba33734f9b83bc0,1034,S5,미도입,A-1,귀하의 소속 구분은?,89,&emsp;&emsp;① 시공사 &emsp;&emsp;② 발주청(공사감독·감리원 포함),true,answerable,소속이 시공사 측인지 발주청·감리 측인지를 고르는 항목이다.,가상 소속은 시공사로 명시했다. 원본 소속 사실로 확정한 것은 아니므로 번호 선택은 하지 않는다.,scenario_assumption,"[""scenario_assumptions""]",[],[],,,,이 시험에서는 시공사 소속으로 읽겠습니다.,false,false,false
P5,82ffcd9945da443b9ba33734f9b83bc0,1034,S5,미도입,A-2,귀하의 성별은?,92,&emsp;&emsp;① 남성 &emsp;&emsp;② 여성,true,answerable,성별 보기에서 원본 필드에 해당하는 범주를 고른다.,원본 sex가 남자로 제공되어 있다. 이 정보는 다른 문항의 능력·태도 추정에 사용하지 않는다.,source_fact,"[""source_fields.sex""]",[],[],,1,source_fields.sex,원본에 적힌 성별은 남자입니다.,false,false,false
P5,82ffcd9945da443b9ba33734f9b83bc0,1034,S5,미도입,A-3,귀하의 연령대는?,95,&emsp;&emsp;① 20대 &emsp;&emsp;② 30대 &emsp;&emsp;③ 40대 &emsp;&emsp;④ 50대 &emsp;&emsp;⑤ 60대 이상,true,answerable,원본 나이가 속하는 연령 구간을 고른다.,원본 age=65를 현행 보기 구간에 대입한다. 숙련도나 기술 수용성을 나이로 추정하지 않는다.,source_fact,"[""source_fields.age""]",[],[],,5,source_fields.age,65세이므로 해당 연령 구간을 고르겠습니다.,false,false,false
P5,82ffcd9945da443b9ba33734f9b83bc0,1034,S5,미도입,A-4,귀하의 건설현장 근무 경력은? (안전관리·공사감독·시공관리 등 현장 업무 경력을 모두 합한 기간),98,"&emsp;&emsp;① 3년 미만 &emsp;&emsp;② 3년 이상∼5년 미만 &emsp;&emsp;③ 5년 이상∼10년 미만
&emsp;&emsp;④ 10년 이상∼20년 미만 &emsp;&emsp;⑤ 20년 이상",true,needs_information,안전관리·감독·시공관리 등 실제 현장 업무 기간을 합산하는 항목이다.,원본의 베테랑·수십 년 같은 서술만으로 정확한 누적 현장 경력은 정하지 않았다. 나이·졸업 시점에서 경력을 만들어내지 않는다.,scenario_information_gap,"[""scenario_assumptions""]","[""경력증명 또는 본인이 확인한 현장 업무 누적 기간""]",[],,,,"현장 경력을 합쳐 적는 뜻은 알지만, 제 이력의 정확한 기간은 이 자료에 없습니다.",false,false,true
P5,82ffcd9945da443b9ba33734f9b83bc0,1034,S5,미도입,A-5,현장에서 귀하가 맡고 있는 역할은?,102,&emsp;&emsp;① 공사감독 &emsp;&emsp;② 안전관리자 &emsp;&emsp;③ 현장소장 &emsp;&emsp;④ 기타(&emsp;&emsp;&emsp;&emsp;),true,answerable,현장에서 맡은 대표 역할을 고르는 항목이다.,원본 professional_persona에 중소 건설현장의 소장이라고 명시되어 가상 보직과도 일치한다.,source_fact,"[""source_fields.professional_persona""]",[],[],,3,source_fields.professional_persona,현장소장이라고 적혀 있으므로 그 보기를 고르겠습니다.,false,false,false
P5,82ffcd9945da443b9ba33734f9b83bc0,1034,S5,미도입,A-6,현재 담당 현장의 공사금액 규모는? **[확정 필요: 공사금액 구간 기준]**,105,"&emsp;&emsp;① 20억 원 미만 &emsp;&emsp;② 20억 원 이상∼50억 원 미만 &emsp;&emsp;③ 50억 원 이상∼100억 원 미만
&emsp;&emsp;④ 100억 원 이상∼120억 원 미만 &emsp;&emsp;⑤ 120억 원 이상",true,needs_information,현재 맡은 현장의 공사금액을 보기 구간에 맞춰 고르는 항목이다.,가상 현장의 공사금액을 제공하지 않았으므로 선택할 수 없다. 원문의 구간 기준 확정 필요 표시도 그대로 보존했다. 정보 미제공은 새로운 문항 결함이 아니다.,scenario_information_gap,"[""scenario_assumptions""]","[""담당 현장 공사금액"",""원문에 남은 공사금액 구간 기준 확정""]",[],,,,"공사금액이 주어지면 구간을 고를 수 있지만, 이 시험에는 금액이 없습니다.",false,false,true
P5,82ffcd9945da443b9ba33734f9b83bc0,1034,S5,미도입,B-1,우리 현장에서는 위험 상황을 조기에 인지한다.,118,① 전혀 그렇지 않다 — ② 그렇지 않다 — ③ 보통이다 — ④ 그렇다 — ⑤ 매우 그렇다,true,needs_information,위험이 커지거나 사고로 이어지기 전에 알아채는지를 묻는다.,해당 현장의 수행 경험·수준이 시나리오에 없어서 평정하지 않았다. 도입 여부만으로 수행 수준을 높거나 낮다고 정하지 않는다.,scenario_information_gap,"[""scenario_assumptions""]","[""담당 현장에서 위험을 발견한 상황과 발견 시점에 대한 기억""]",[],,,,"현장소장으로 경험한 현장의 일을 떠올리는 질문인데, 실제 수행 수준은 여기 주어지지 않았습니다.",false,false,true
P5,82ffcd9945da443b9ba33734f9b83bc0,1034,S5,미도입,B-2,우리 현장에서는 위험 상황을 인지하면 초동 대응을 빠르게 지시한다.,119,① 전혀 그렇지 않다 — ② 그렇지 않다 — ③ 보통이다 — ④ 그렇다 — ⑤ 매우 그렇다,true,needs_information,위험을 알아챈 다음 초기 대응 지시가 늦지 않는지를 묻는다.,해당 현장의 수행 경험·수준이 시나리오에 없어서 평정하지 않았다. 도입 여부만으로 수행 수준을 높거나 낮다고 정하지 않는다.,scenario_information_gap,"[""scenario_assumptions""]","[""위험 인지 후 초동 대응을 지시했던 경험""]",[],,,,"현장소장으로 경험한 현장의 일을 떠올리는 질문인데, 실제 수행 수준은 여기 주어지지 않았습니다.",false,false,true
P5,82ffcd9945da443b9ba33734f9b83bc0,1034,S5,미도입,B-3,우리 현장에서는 안전관리 담당자가 현장 밖에서도 위험 상황을 신속하게 파악한다.,120,① 전혀 그렇지 않다 — ② 그렇지 않다 — ③ 보통이다 — ④ 그렇다 — ⑤ 매우 그렇다,true,needs_information,안전관리 업무를 맡은 사람이 현장 밖에 있을 때도 위험 소식을 빨리 파악하는지를 묻는다.,해당 현장의 수행 경험·수준이 시나리오에 없어서 평정하지 않았다. 기존 안내가 전담 안전관리자뿐 아니라 안전관리 업무 담당자를 포함한다. 문항에는 CCTV라는 제한이 없다.,scenario_information_gap,"[""scenario_assumptions""]","[""현장 밖 안전관리 담당자에게 전화·보고·영상 등으로 위험을 알린 경험""]",[],,,,CCTV가 없어도 전화나 현장 보고로 밖에 있는 담당자에게 상황을 알릴 수 있습니다. 얼마나 빨리 파악했는지는 실제 경험이 필요합니다.,false,false,true
P5,82ffcd9945da443b9ba33734f9b83bc0,1034,S5,미도입,B-4,우리 현장에서는 멀리 떨어진 곳에서도 위험 정보와 조치 필요사항을 원활하게 공유한다.,121,① 전혀 그렇지 않다 — ② 그렇지 않다 — ③ 보통이다 — ④ 그렇다 — ⑤ 매우 그렇다,true,needs_information,서로 떨어져 있는 사람에게 위험 내용과 해야 할 조치를 전달하는지를 묻는다.,해당 현장의 수행 경험·수준이 시나리오에 없어서 평정하지 않았다. 도입 여부만으로 수행 수준을 높거나 낮다고 정하지 않는다.,scenario_information_gap,"[""scenario_assumptions""]","[""거리나 위치가 다른 사람들 사이의 위험 정보·조치 전달 경험""]",[],,,,"현장소장으로 경험한 현장의 일을 떠올리는 질문인데, 실제 수행 수준은 여기 주어지지 않았습니다.",false,false,true
P5,82ffcd9945da443b9ba33734f9b83bc0,1034,S5,미도입,B-5,우리 현장에서는 제한된 인력으로도 현장 순찰과 위험 확인 업무를 효율적으로 수행한다.,122,① 전혀 그렇지 않다 — ② 그렇지 않다 — ③ 보통이다 — ④ 그렇다 — ⑤ 매우 그렇다,true,needs_information,현재 인원으로 순찰과 위험 확인 업무를 얼마나 원활히 수행하는지를 묻는다.,해당 현장의 수행 경험·수준이 시나리오에 없어서 평정하지 않았다. 도입 여부만으로 수행 수준을 높거나 낮다고 정하지 않는다.,scenario_information_gap,"[""scenario_assumptions""]","[""현재 순찰 인력, 업무량과 순찰·위험 확인의 체감 수행 수준""]",[],,,,"현장소장으로 경험한 현장의 일을 떠올리는 질문인데, 실제 수행 수준은 여기 주어지지 않았습니다.",false,false,true
P5,82ffcd9945da443b9ba33734f9b83bc0,1034,S5,미도입,B-6,우리 현장에서는 불필요한 확인 업무에 쫓기지 않고 실제 위험 대응에 집중한다.,123,① 전혀 그렇지 않다 — ② 그렇지 않다 — ③ 보통이다 — ④ 그렇다 — ⑤ 매우 그렇다,true,needs_information,중복되거나 불필요하다고 느끼는 확인 때문에 실제 위험 대응을 놓치는지를 묻는다.,해당 현장의 수행 경험·수준이 시나리오에 없어서 평정하지 않았다. 도입 여부만으로 수행 수준을 높거나 낮다고 정하지 않는다.,scenario_information_gap,"[""scenario_assumptions""]","[""중복 확인과 실제 위험 대응에 시간을 썼던 경험""]",[],,,,"현장소장으로 경험한 현장의 일을 떠올리는 질문인데, 실제 수행 수준은 여기 주어지지 않았습니다.",false,false,true
P5,82ffcd9945da443b9ba33734f9b83bc0,1034,S5,미도입,B-7,우리 현장에서는 필요한 경우 시정·작업중지 등 통제 조치를 신속하게 시행한다.,124,① 전혀 그렇지 않다 — ② 그렇지 않다 — ③ 보통이다 — ④ 그렇다 — ⑤ 매우 그렇다,true,needs_information,시정이나 작업중지가 필요한 상황에서 실제 조치를 빨리 하는지를 묻는다.,해당 현장의 수행 경험·수준이 시나리오에 없어서 평정하지 않았다. 도입 여부만으로 수행 수준을 높거나 낮다고 정하지 않는다.,scenario_information_gap,"[""scenario_assumptions""]","[""시정·작업중지가 필요했던 사건과 실제 조치 경험""]",[],,,,"현장소장으로 경험한 현장의 일을 떠올리는 질문인데, 실제 수행 수준은 여기 주어지지 않았습니다.",false,false,true
P5,82ffcd9945da443b9ba33734f9b83bc0,1034,S5,미도입,B-8,우리 현장에서는 사고로 이어질 수 있는 위험요인을 실질적으로 통제한다.,125,① 전혀 그렇지 않다 — ② 그렇지 않다 — ③ 보통이다 — ④ 그렇다 — ⑤ 매우 그렇다,true,needs_information,위험요인이 사고로 이어지지 않도록 실제로 통제하는 정도를 묻는다.,해당 현장의 수행 경험·수준이 시나리오에 없어서 평정하지 않았다. 도입 여부만으로 수행 수준을 높거나 낮다고 정하지 않는다.,scenario_information_gap,"[""scenario_assumptions""]","[""위험요인 통제 조치가 현장에서 이행되었다고 느낀 근거""]",[],,,,"현장소장으로 경험한 현장의 일을 떠올리는 질문인데, 실제 수행 수준은 여기 주어지지 않았습니다.",false,false,true
P5,82ffcd9945da443b9ba33734f9b83bc0,1034,S5,미도입,C-1,우리 현장은 고가의 스마트 안전장비를 도입하기에는 예산이 부족하다.,134,① 전혀 그렇지 않다 — ② 그렇지 않다 — ③ 보통이다 — ④ 그렇다 — ⑤ 매우 그렇다,true,ambiguous,비싸다고 생각하는 스마트 안전장비를 살 만큼 현장 예산이 있는지를 묻는다.,고가가 어느 장비·가격대인지 기준이 없다. 같은 현장 예산이라도 서로 다른 장비를 떠올릴 가능성을 확인할 필요가 있다. 예산액 미제공은 별개이다.,item_wording,"[""questionnaire.C-1"",""scenario_assumptions""]","[""응답자가 떠올리는 장비와 비용 범위"",""현장의 예산 여건에 대한 인식""]","[""고가""]",,,,제가 떠올리는 고가 장비와 다른 분이 떠올리는 장비가 같을까요?,true,false,false
P5,82ffcd9945da443b9ba33734f9b83bc0,1034,S5,미도입,C-2,우리 현장은 스마트 안전장비나 관제 시스템 도입에 쓸 안전관리 예산이 부족하게 편성되어 있다.,135,① 전혀 그렇지 않다 — ② 그렇지 않다 — ③ 보통이다 — ④ 그렇다 — ⑤ 매우 그렇다,true,needs_information,장비나 관제 시스템에 사용할 안전관리 예산이 충분히 배정되었는지를 묻는다.,시험에서는 예산을 직접 관리하고 자료에 접근할 수 있게 설정했다. 다만 예산 편성 내역과 장비 도입 여건 자체를 제공하지 않아 답을 만들지 않았다. 문항 결함으로 계산하지 않는다.,scenario_information_gap,"[""scenario_assumptions""]","[""예산 편성 내역과 장비 도입 여건""]",[],,,,"예산 자료를 확인할 역할은 맡았지만, 이 시험에는 실제 금액이나 지원 이력이 없습니다.",false,false,true
P5,82ffcd9945da443b9ba33734f9b83bc0,1034,S5,미도입,C-3,우리 현장은 산업안전보건관리비 계상 기준만으로는 스마트 안전장비나 관제 시스템을 도입하기 어렵다.,136,① 전혀 그렇지 않다 — ② 그렇지 않다 — ③ 보통이다 — ④ 그렇다 — ⑤ 매우 그렇다,true,ambiguous,산업안전보건관리비의 계상 기준만으로 장비 도입에 필요한 여건이 갖춰지는지를 묻는다.,"계상 기준만으로는이라는 표현이 확보되는 금액의 부족을 뜻하는지, 지출 가능 범위 같은 제도 제약을 뜻하는지 나뉠 수 있다. 법령 내용이나 현장 적용 결과를 이 시험에서 판단하지 않는다.",item_wording,"[""questionnaire.C-3"",""scenario_assumptions""]","[""측정하려는 제약의 범위"",""실제 응답자가 계상 기준을 이해하는 방식""]","[""산업안전보건관리비 계상 기준만으로는""]",,,,"관리비가 모자란다는 뜻인지, 그 돈으로 해당 장비를 살 수 없다는 뜻인지 먼저 확인하고 싶습니다.",true,false,false
P5,82ffcd9945da443b9ba33734f9b83bc0,1034,S5,미도입,C-4,우리 현장은 소속 기관인 본사나 발주청으로부터 스마트 안전장비나 관제 시스템 도입 예산을 별도로 지원받기 어렵다.,137,① 전혀 그렇지 않다 — ② 그렇지 않다 — ③ 보통이다 — ④ 그렇다 — ⑤ 매우 그렇다,true,needs_information,현장 자체 예산 외에 본사나 발주청의 추가 지원을 받기 어려운지를 묻는다.,시험에서는 예산을 직접 관리하고 자료에 접근할 수 있게 설정했다. 다만 본사·발주청 지원 절차와 지원 경험 자체를 제공하지 않아 답을 만들지 않았다. 문항 결함으로 계산하지 않는다.,scenario_information_gap,"[""scenario_assumptions""]","[""본사·발주청 지원 절차와 지원 경험""]",[],,,,"예산 자료를 확인할 역할은 맡았지만, 이 시험에는 실제 금액이나 지원 이력이 없습니다.",false,false,true
P6,4a13147b4f4d4f8a985e8d08fe55610d,310,S6,미도입,A-1,귀하의 소속 구분은?,89,&emsp;&emsp;① 시공사 &emsp;&emsp;② 발주청(공사감독·감리원 포함),true,answerable,소속이 시공사 측인지 발주청·감리 측인지를 고르는 항목이다.,가상 소속은 발주청 측 감리업무를 맡은 감리기관로 명시했다. 원본 소속 사실로 확정한 것은 아니므로 번호 선택은 하지 않는다.,scenario_assumption,"[""scenario_assumptions""]",[],[],,,,이 시험에서는 발주청 측 감리업무를 맡은 감리기관 소속으로 읽겠습니다.,false,false,false
P6,4a13147b4f4d4f8a985e8d08fe55610d,310,S6,미도입,A-2,귀하의 성별은?,92,&emsp;&emsp;① 남성 &emsp;&emsp;② 여성,true,answerable,성별 보기에서 원본 필드에 해당하는 범주를 고른다.,원본 sex가 남자로 제공되어 있다. 이 정보는 다른 문항의 능력·태도 추정에 사용하지 않는다.,source_fact,"[""source_fields.sex""]",[],[],,1,source_fields.sex,원본에 적힌 성별은 남자입니다.,false,false,false
P6,4a13147b4f4d4f8a985e8d08fe55610d,310,S6,미도입,A-3,귀하의 연령대는?,95,&emsp;&emsp;① 20대 &emsp;&emsp;② 30대 &emsp;&emsp;③ 40대 &emsp;&emsp;④ 50대 &emsp;&emsp;⑤ 60대 이상,true,answerable,원본 나이가 속하는 연령 구간을 고른다.,원본 age=39를 현행 보기 구간에 대입한다. 숙련도나 기술 수용성을 나이로 추정하지 않는다.,source_fact,"[""source_fields.age""]",[],[],,2,source_fields.age,39세이므로 해당 연령 구간을 고르겠습니다.,false,false,false
P6,4a13147b4f4d4f8a985e8d08fe55610d,310,S6,미도입,A-4,귀하의 건설현장 근무 경력은? (안전관리·공사감독·시공관리 등 현장 업무 경력을 모두 합한 기간),98,"&emsp;&emsp;① 3년 미만 &emsp;&emsp;② 3년 이상∼5년 미만 &emsp;&emsp;③ 5년 이상∼10년 미만
&emsp;&emsp;④ 10년 이상∼20년 미만 &emsp;&emsp;⑤ 20년 이상",true,needs_information,안전관리·감독·시공관리 등 실제 현장 업무 기간을 합산하는 항목이다.,원본의 베테랑·수십 년 같은 서술만으로 정확한 누적 현장 경력은 정하지 않았다. 나이·졸업 시점에서 경력을 만들어내지 않는다.,scenario_information_gap,"[""scenario_assumptions""]","[""경력증명 또는 본인이 확인한 현장 업무 누적 기간""]",[],,,,"현장 경력을 합쳐 적는 뜻은 알지만, 제 이력의 정확한 기간은 이 자료에 없습니다.",false,false,true
P6,4a13147b4f4d4f8a985e8d08fe55610d,310,S6,미도입,A-5,현장에서 귀하가 맡고 있는 역할은?,102,&emsp;&emsp;① 공사감독 &emsp;&emsp;② 안전관리자 &emsp;&emsp;③ 현장소장 &emsp;&emsp;④ 기타(&emsp;&emsp;&emsp;&emsp;),true,ambiguous,현장 역할을 네 개 보기 가운데 분류하는 항목이다.,가상 역할은 토목 감리원이다. 관리감독자·감리원 이름이 보기에는 없어 공사감독에 포함할지 기타에 적을지 확인이 필요하다. 기타란은 있으므로 응답 자체가 불가능하지는 않다.,item_wording,"[""questionnaire.A-5"",""scenario_assumptions""]","[""조사자가 의도한 역할 범주 매핑""]","[""공사감독"",""기타""]",,,,저는 토목 감리원인데 공사감독을 고르는지 기타에 적는지 망설여집니다.,true,false,false
P6,4a13147b4f4d4f8a985e8d08fe55610d,310,S6,미도입,A-6,현재 담당 현장의 공사금액 규모는? **[확정 필요: 공사금액 구간 기준]**,105,"&emsp;&emsp;① 20억 원 미만 &emsp;&emsp;② 20억 원 이상∼50억 원 미만 &emsp;&emsp;③ 50억 원 이상∼100억 원 미만
&emsp;&emsp;④ 100억 원 이상∼120억 원 미만 &emsp;&emsp;⑤ 120억 원 이상",true,needs_information,현재 맡은 현장의 공사금액을 보기 구간에 맞춰 고르는 항목이다.,가상 현장의 공사금액을 제공하지 않았으므로 선택할 수 없다. 원문의 구간 기준 확정 필요 표시도 그대로 보존했다. 정보 미제공은 새로운 문항 결함이 아니다.,scenario_information_gap,"[""scenario_assumptions""]","[""담당 현장 공사금액"",""원문에 남은 공사금액 구간 기준 확정""]",[],,,,"공사금액이 주어지면 구간을 고를 수 있지만, 이 시험에는 금액이 없습니다.",false,false,true
P6,4a13147b4f4d4f8a985e8d08fe55610d,310,S6,미도입,B-1,우리 현장에서는 위험 상황을 조기에 인지한다.,118,① 전혀 그렇지 않다 — ② 그렇지 않다 — ③ 보통이다 — ④ 그렇다 — ⑤ 매우 그렇다,true,needs_information,위험이 커지거나 사고로 이어지기 전에 알아채는지를 묻는다.,해당 현장의 수행 경험·수준이 시나리오에 없어서 평정하지 않았다. 도입 여부만으로 수행 수준을 높거나 낮다고 정하지 않는다.,scenario_information_gap,"[""scenario_assumptions""]","[""담당 현장에서 위험을 발견한 상황과 발견 시점에 대한 기억""]",[],,,,"토목 감리원으로 경험한 현장의 일을 떠올리는 질문인데, 실제 수행 수준은 여기 주어지지 않았습니다.",false,false,true
P6,4a13147b4f4d4f8a985e8d08fe55610d,310,S6,미도입,B-2,우리 현장에서는 위험 상황을 인지하면 초동 대응을 빠르게 지시한다.,119,① 전혀 그렇지 않다 — ② 그렇지 않다 — ③ 보통이다 — ④ 그렇다 — ⑤ 매우 그렇다,true,needs_information,위험을 알아챈 다음 초기 대응 지시가 늦지 않는지를 묻는다.,해당 현장의 수행 경험·수준이 시나리오에 없어서 평정하지 않았다. 도입 여부만으로 수행 수준을 높거나 낮다고 정하지 않는다.,scenario_information_gap,"[""scenario_assumptions""]","[""위험 인지 후 초동 대응을 지시했던 경험""]",[],,,,"토목 감리원으로 경험한 현장의 일을 떠올리는 질문인데, 실제 수행 수준은 여기 주어지지 않았습니다.",false,false,true
P6,4a13147b4f4d4f8a985e8d08fe55610d,310,S6,미도입,B-3,우리 현장에서는 안전관리 담당자가 현장 밖에서도 위험 상황을 신속하게 파악한다.,120,① 전혀 그렇지 않다 — ② 그렇지 않다 — ③ 보통이다 — ④ 그렇다 — ⑤ 매우 그렇다,true,needs_information,안전관리 업무를 맡은 사람이 현장 밖에 있을 때도 위험 소식을 빨리 파악하는지를 묻는다.,해당 현장의 수행 경험·수준이 시나리오에 없어서 평정하지 않았다. 기존 안내가 전담 안전관리자뿐 아니라 안전관리 업무 담당자를 포함한다. 문항에는 CCTV라는 제한이 없다.,scenario_information_gap,"[""scenario_assumptions""]","[""현장 밖 안전관리 담당자에게 전화·보고·영상 등으로 위험을 알린 경험""]",[],,,,CCTV가 없어도 전화나 현장 보고로 밖에 있는 담당자에게 상황을 알릴 수 있습니다. 얼마나 빨리 파악했는지는 실제 경험이 필요합니다.,false,false,true
P6,4a13147b4f4d4f8a985e8d08fe55610d,310,S6,미도입,B-4,우리 현장에서는 멀리 떨어진 곳에서도 위험 정보와 조치 필요사항을 원활하게 공유한다.,121,① 전혀 그렇지 않다 — ② 그렇지 않다 — ③ 보통이다 — ④ 그렇다 — ⑤ 매우 그렇다,true,needs_information,서로 떨어져 있는 사람에게 위험 내용과 해야 할 조치를 전달하는지를 묻는다.,해당 현장의 수행 경험·수준이 시나리오에 없어서 평정하지 않았다. 도입 여부만으로 수행 수준을 높거나 낮다고 정하지 않는다.,scenario_information_gap,"[""scenario_assumptions""]","[""거리나 위치가 다른 사람들 사이의 위험 정보·조치 전달 경험""]",[],,,,"토목 감리원으로 경험한 현장의 일을 떠올리는 질문인데, 실제 수행 수준은 여기 주어지지 않았습니다.",false,false,true
P6,4a13147b4f4d4f8a985e8d08fe55610d,310,S6,미도입,B-5,우리 현장에서는 제한된 인력으로도 현장 순찰과 위험 확인 업무를 효율적으로 수행한다.,122,① 전혀 그렇지 않다 — ② 그렇지 않다 — ③ 보통이다 — ④ 그렇다 — ⑤ 매우 그렇다,true,needs_information,현재 인원으로 순찰과 위험 확인 업무를 얼마나 원활히 수행하는지를 묻는다.,해당 현장의 수행 경험·수준이 시나리오에 없어서 평정하지 않았다. 도입 여부만으로 수행 수준을 높거나 낮다고 정하지 않는다.,scenario_information_gap,"[""scenario_assumptions""]","[""현재 순찰 인력, 업무량과 순찰·위험 확인의 체감 수행 수준""]",[],,,,"토목 감리원으로 경험한 현장의 일을 떠올리는 질문인데, 실제 수행 수준은 여기 주어지지 않았습니다.",false,false,true
P6,4a13147b4f4d4f8a985e8d08fe55610d,310,S6,미도입,B-6,우리 현장에서는 불필요한 확인 업무에 쫓기지 않고 실제 위험 대응에 집중한다.,123,① 전혀 그렇지 않다 — ② 그렇지 않다 — ③ 보통이다 — ④ 그렇다 — ⑤ 매우 그렇다,true,needs_information,중복되거나 불필요하다고 느끼는 확인 때문에 실제 위험 대응을 놓치는지를 묻는다.,해당 현장의 수행 경험·수준이 시나리오에 없어서 평정하지 않았다. 도입 여부만으로 수행 수준을 높거나 낮다고 정하지 않는다.,scenario_information_gap,"[""scenario_assumptions""]","[""중복 확인과 실제 위험 대응에 시간을 썼던 경험""]",[],,,,"토목 감리원으로 경험한 현장의 일을 떠올리는 질문인데, 실제 수행 수준은 여기 주어지지 않았습니다.",false,false,true
P6,4a13147b4f4d4f8a985e8d08fe55610d,310,S6,미도입,B-7,우리 현장에서는 필요한 경우 시정·작업중지 등 통제 조치를 신속하게 시행한다.,124,① 전혀 그렇지 않다 — ② 그렇지 않다 — ③ 보통이다 — ④ 그렇다 — ⑤ 매우 그렇다,true,needs_information,시정이나 작업중지가 필요한 상황에서 실제 조치를 빨리 하는지를 묻는다.,해당 현장의 수행 경험·수준이 시나리오에 없어서 평정하지 않았다. 도입 여부만으로 수행 수준을 높거나 낮다고 정하지 않는다.,scenario_information_gap,"[""scenario_assumptions""]","[""시정·작업중지가 필요했던 사건과 실제 조치 경험""]",[],,,,"토목 감리원으로 경험한 현장의 일을 떠올리는 질문인데, 실제 수행 수준은 여기 주어지지 않았습니다.",false,false,true
P6,4a13147b4f4d4f8a985e8d08fe55610d,310,S6,미도입,B-8,우리 현장에서는 사고로 이어질 수 있는 위험요인을 실질적으로 통제한다.,125,① 전혀 그렇지 않다 — ② 그렇지 않다 — ③ 보통이다 — ④ 그렇다 — ⑤ 매우 그렇다,true,needs_information,위험요인이 사고로 이어지지 않도록 실제로 통제하는 정도를 묻는다.,해당 현장의 수행 경험·수준이 시나리오에 없어서 평정하지 않았다. 도입 여부만으로 수행 수준을 높거나 낮다고 정하지 않는다.,scenario_information_gap,"[""scenario_assumptions""]","[""위험요인 통제 조치가 현장에서 이행되었다고 느낀 근거""]",[],,,,"토목 감리원으로 경험한 현장의 일을 떠올리는 질문인데, 실제 수행 수준은 여기 주어지지 않았습니다.",false,false,true
P6,4a13147b4f4d4f8a985e8d08fe55610d,310,S6,미도입,C-1,우리 현장은 고가의 스마트 안전장비를 도입하기에는 예산이 부족하다.,134,① 전혀 그렇지 않다 — ② 그렇지 않다 — ③ 보통이다 — ④ 그렇다 — ⑤ 매우 그렇다,true,ambiguous,비싸다고 생각하는 스마트 안전장비를 살 만큼 현장 예산이 있는지를 묻는다.,고가가 어느 장비·가격대인지 기준이 없다. 같은 현장 예산이라도 서로 다른 장비를 떠올릴 가능성을 확인할 필요가 있다. 예산액 미제공은 별개이다.,item_wording,"[""questionnaire.C-1"",""scenario_assumptions""]","[""응답자가 떠올리는 장비와 비용 범위"",""현장의 예산 여건에 대한 인식""]","[""고가""]",,,,제가 떠올리는 고가 장비와 다른 분이 떠올리는 장비가 같을까요?,true,false,false
P6,4a13147b4f4d4f8a985e8d08fe55610d,310,S6,미도입,C-2,우리 현장은 스마트 안전장비나 관제 시스템 도입에 쓸 안전관리 예산이 부족하게 편성되어 있다.,135,① 전혀 그렇지 않다 — ② 그렇지 않다 — ③ 보통이다 — ④ 그렇다 — ⑤ 매우 그렇다,true,needs_information,장비나 관제 시스템에 사용할 안전관리 예산이 충분히 배정되었는지를 묻는다.,"가상 지식범위에서 예산 편성·집행액과 지원 결정을 모른다고 설정했다. 현실의 같은 직무에서도 답하기 어려운지는 실제 면담으로 확인해야 하며, 확인된 결함으로 단정하지 않는다.",respondent_knowledge_scope,"[""scenario_assumptions.budget_knowledge_scope"",""questionnaire.C-2""]","[""예산 편성 내역과 장비 도입 여건"",""응답자가 실제로 접근하는 예산 정보 범위""]",[],,,,저는 토목 감리원 업무를 맡지만 예산 편성이나 별도 지원 결정까지는 모릅니다.,false,true,false
P6,4a13147b4f4d4f8a985e8d08fe55610d,310,S6,미도입,C-3,우리 현장은 산업안전보건관리비 계상 기준만으로는 스마트 안전장비나 관제 시스템을 도입하기 어렵다.,136,① 전혀 그렇지 않다 — ② 그렇지 않다 — ③ 보통이다 — ④ 그렇다 — ⑤ 매우 그렇다,true,ambiguous,산업안전보건관리비의 계상 기준만으로 장비 도입에 필요한 여건이 갖춰지는지를 묻는다.,"계상 기준만으로는이라는 표현이 확보되는 금액의 부족을 뜻하는지, 지출 가능 범위 같은 제도 제약을 뜻하는지 나뉠 수 있다. 법령 내용이나 현장 적용 결과를 이 시험에서 판단하지 않는다.",item_wording,"[""questionnaire.C-3"",""scenario_assumptions""]","[""측정하려는 제약의 범위"",""실제 응답자가 계상 기준을 이해하는 방식""]","[""산업안전보건관리비 계상 기준만으로는""]",,,,"관리비가 모자란다는 뜻인지, 그 돈으로 해당 장비를 살 수 없다는 뜻인지 먼저 확인하고 싶습니다.",true,false,false
P6,4a13147b4f4d4f8a985e8d08fe55610d,310,S6,미도입,C-4,우리 현장은 소속 기관인 본사나 발주청으로부터 스마트 안전장비나 관제 시스템 도입 예산을 별도로 지원받기 어렵다.,137,① 전혀 그렇지 않다 — ② 그렇지 않다 — ③ 보통이다 — ④ 그렇다 — ⑤ 매우 그렇다,true,needs_information,현장 자체 예산 외에 본사나 발주청의 추가 지원을 받기 어려운지를 묻는다.,"가상 지식범위에서 예산 편성·집행액과 지원 결정을 모른다고 설정했다. 현실의 같은 직무에서도 답하기 어려운지는 실제 면담으로 확인해야 하며, 확인된 결함으로 단정하지 않는다.",respondent_knowledge_scope,"[""scenario_assumptions.budget_knowledge_scope"",""questionnaire.C-4""]","[""본사·발주청 지원 절차와 지원 경험"",""응답자가 실제로 접근하는 예산 정보 범위""]",[],,,,저는 토목 감리원 업무를 맡지만 예산 편성이나 별도 지원 결정까지는 모릅니다.,false,true,false
